ISO-10303-21;
HEADER;
/* Generated by software containing ST-Developer
 * from STEP Tools, Inc. (www.steptools.com) 
 */
/* OPTION: strings as raw bytes, not using required /X/ escapes */

FILE_DESCRIPTION(
/* description */ ('Unknown'),
/* implementation_level */ '2;1');

FILE_NAME(
/* name */ 'SLW-105558-2A-N-D',
/* time_stamp */ '2025-01-10T13:15:30+02:00',
/* author */ ('Unknown'),
/* organization */ ('Unknown'),
/* preprocessor_version */ 'ST-DEVELOPER v18.102',
/* originating_system */ 'Solid Edge',
/* authorisation */ 'Unknown');

FILE_SCHEMA (('AUTOMOTIVE_DESIGN {1 0 10303 214 3 1 1}'));
ENDSEC;

DATA;
#10=PROPERTY_DEFINITION_REPRESENTATION(#14,#12);
#11=PROPERTY_DEFINITION_REPRESENTATION(#15,#13);
#12=REPRESENTATION('',(#16),#4175);
#13=REPRESENTATION('',(#17),#4175);
#14=PROPERTY_DEFINITION('pmi validation property','',#4180);
#15=PROPERTY_DEFINITION('pmi validation property','',#4180);
#16=VALUE_REPRESENTATION_ITEM('number of annotations',COUNT_MEASURE(0.));
#17=VALUE_REPRESENTATION_ITEM('number of views',COUNT_MEASURE(0.));
#18=SHAPE_REPRESENTATION_RELATIONSHIP('','',#2877,#19);
#19=ADVANCED_BREP_SHAPE_REPRESENTATION('',(#2875),#4175);
#20=DRAUGHTING_PRE_DEFINED_COLOUR('black');
#21=CIRCLE('',#2896,0.431486929124976);
#22=CIRCLE('',#2897,0.431486929124976);
#23=CIRCLE('',#2904,0.431486929124976);
#24=CIRCLE('',#2905,0.431486929124976);
#25=CIRCLE('',#2909,0.39);
#26=CIRCLE('',#2910,0.39);
#27=CIRCLE('',#2913,0.39);
#28=CIRCLE('',#2914,0.39);
#29=CIRCLE('',#2916,0.479139673433131);
#30=CIRCLE('',#2917,0.479139673433131);
#31=CIRCLE('',#2920,0.479139673433131);
#32=CIRCLE('',#2921,0.479139673433131);
#33=CIRCLE('',#2929,0.237317811018737);
#34=CIRCLE('',#2930,0.237317811018737);
#35=CIRCLE('',#2935,0.237317811018737);
#36=CIRCLE('',#2936,0.237317811018737);
#37=CIRCLE('',#2944,0.237317811018737);
#38=CIRCLE('',#2945,0.237317811018737);
#39=CIRCLE('',#2955,0.237317811018737);
#40=CIRCLE('',#2956,0.237317811018737);
#41=CIRCLE('',#2959,0.39);
#42=CIRCLE('',#2960,0.39);
#43=CIRCLE('',#2963,0.39);
#44=CIRCLE('',#2964,0.39);
#45=CIRCLE('',#2966,0.479139673433131);
#46=CIRCLE('',#2967,0.479139673433131);
#47=CIRCLE('',#2970,0.479139673433131);
#48=CIRCLE('',#2971,0.479139673433131);
#49=CIRCLE('',#3004,0.39);
#50=CIRCLE('',#3005,0.39);
#51=CIRCLE('',#3007,0.39);
#52=CIRCLE('',#3008,0.39);
#53=CIRCLE('',#3011,0.479139673433131);
#54=CIRCLE('',#3012,0.479139673433131);
#55=CIRCLE('',#3015,0.479139673433131);
#56=CIRCLE('',#3018,0.479139673433131);
#57=CYLINDRICAL_SURFACE('',#2895,0.431486929124976);
#58=CYLINDRICAL_SURFACE('',#2903,0.431486929124976);
#59=CYLINDRICAL_SURFACE('',#2908,0.39);
#60=CYLINDRICAL_SURFACE('',#2912,0.39);
#61=CYLINDRICAL_SURFACE('',#2915,0.479139673433131);
#62=CYLINDRICAL_SURFACE('',#2919,0.479139673433131);
#63=CYLINDRICAL_SURFACE('',#2928,0.237317811018737);
#64=CYLINDRICAL_SURFACE('',#2934,0.237317811018737);
#65=CYLINDRICAL_SURFACE('',#2943,0.237317811018737);
#66=CYLINDRICAL_SURFACE('',#2954,0.237317811018737);
#67=CYLINDRICAL_SURFACE('',#2958,0.39);
#68=CYLINDRICAL_SURFACE('',#2962,0.39);
#69=CYLINDRICAL_SURFACE('',#2965,0.479139673433131);
#70=CYLINDRICAL_SURFACE('',#2969,0.479139673433131);
#71=CYLINDRICAL_SURFACE('',#3003,0.39);
#72=CYLINDRICAL_SURFACE('',#3006,0.39);
#73=CYLINDRICAL_SURFACE('',#3014,0.479139673433131);
#74=CYLINDRICAL_SURFACE('',#3017,0.479139673433131);
#75=ORIENTED_EDGE('',*,*,#673,.F.);
#76=ORIENTED_EDGE('',*,*,#674,.F.);
#77=ORIENTED_EDGE('',*,*,#675,.T.);
#78=ORIENTED_EDGE('',*,*,#676,.T.);
#79=ORIENTED_EDGE('',*,*,#677,.F.);
#80=ORIENTED_EDGE('',*,*,#676,.F.);
#81=ORIENTED_EDGE('',*,*,#678,.T.);
#82=ORIENTED_EDGE('',*,*,#679,.T.);
#83=ORIENTED_EDGE('',*,*,#680,.F.);
#84=ORIENTED_EDGE('',*,*,#679,.F.);
#85=ORIENTED_EDGE('',*,*,#681,.T.);
#86=ORIENTED_EDGE('',*,*,#682,.T.);
#87=ORIENTED_EDGE('',*,*,#683,.F.);
#88=ORIENTED_EDGE('',*,*,#682,.F.);
#89=ORIENTED_EDGE('',*,*,#684,.T.);
#90=ORIENTED_EDGE('',*,*,#685,.T.);
#91=ORIENTED_EDGE('',*,*,#686,.F.);
#92=ORIENTED_EDGE('',*,*,#687,.F.);
#93=ORIENTED_EDGE('',*,*,#685,.F.);
#94=ORIENTED_EDGE('',*,*,#688,.T.);
#95=ORIENTED_EDGE('',*,*,#689,.F.);
#96=ORIENTED_EDGE('',*,*,#690,.T.);
#97=ORIENTED_EDGE('',*,*,#674,.T.);
#98=ORIENTED_EDGE('',*,*,#691,.F.);
#99=ORIENTED_EDGE('',*,*,#692,.T.);
#100=ORIENTED_EDGE('',*,*,#686,.T.);
#101=ORIENTED_EDGE('',*,*,#693,.F.);
#102=ORIENTED_EDGE('',*,*,#694,.T.);
#103=ORIENTED_EDGE('',*,*,#695,.F.);
#104=ORIENTED_EDGE('',*,*,#691,.T.);
#105=ORIENTED_EDGE('',*,*,#673,.T.);
#106=ORIENTED_EDGE('',*,*,#677,.T.);
#107=ORIENTED_EDGE('',*,*,#680,.T.);
#108=ORIENTED_EDGE('',*,*,#683,.T.);
#109=ORIENTED_EDGE('',*,*,#687,.T.);
#110=ORIENTED_EDGE('',*,*,#692,.F.);
#111=ORIENTED_EDGE('',*,*,#696,.T.);
#112=ORIENTED_EDGE('',*,*,#695,.T.);
#113=ORIENTED_EDGE('',*,*,#697,.F.);
#114=ORIENTED_EDGE('',*,*,#698,.F.);
#115=ORIENTED_EDGE('',*,*,#689,.T.);
#116=ORIENTED_EDGE('',*,*,#690,.F.);
#117=ORIENTED_EDGE('',*,*,#698,.T.);
#118=ORIENTED_EDGE('',*,*,#699,.T.);
#119=ORIENTED_EDGE('',*,*,#693,.T.);
#120=ORIENTED_EDGE('',*,*,#688,.F.);
#121=ORIENTED_EDGE('',*,*,#684,.F.);
#122=ORIENTED_EDGE('',*,*,#681,.F.);
#123=ORIENTED_EDGE('',*,*,#678,.F.);
#124=ORIENTED_EDGE('',*,*,#675,.F.);
#125=ORIENTED_EDGE('',*,*,#699,.F.);
#126=ORIENTED_EDGE('',*,*,#697,.T.);
#127=ORIENTED_EDGE('',*,*,#696,.F.);
#128=ORIENTED_EDGE('',*,*,#694,.F.);
#129=ORIENTED_EDGE('',*,*,#700,.T.);
#130=ORIENTED_EDGE('',*,*,#701,.T.);
#131=ORIENTED_EDGE('',*,*,#702,.T.);
#132=ORIENTED_EDGE('',*,*,#703,.T.);
#133=ORIENTED_EDGE('',*,*,#704,.T.);
#134=ORIENTED_EDGE('',*,*,#705,.T.);
#135=ORIENTED_EDGE('',*,*,#701,.F.);
#136=ORIENTED_EDGE('',*,*,#706,.F.);
#137=ORIENTED_EDGE('',*,*,#707,.T.);
#138=ORIENTED_EDGE('',*,*,#708,.T.);
#139=ORIENTED_EDGE('',*,*,#702,.F.);
#140=ORIENTED_EDGE('',*,*,#705,.F.);
#141=ORIENTED_EDGE('',*,*,#709,.T.);
#142=ORIENTED_EDGE('',*,*,#710,.T.);
#143=ORIENTED_EDGE('',*,*,#703,.F.);
#144=ORIENTED_EDGE('',*,*,#708,.F.);
#145=ORIENTED_EDGE('',*,*,#711,.T.);
#146=ORIENTED_EDGE('',*,*,#706,.T.);
#147=ORIENTED_EDGE('',*,*,#700,.F.);
#148=ORIENTED_EDGE('',*,*,#710,.F.);
#149=ORIENTED_EDGE('',*,*,#711,.F.);
#150=ORIENTED_EDGE('',*,*,#709,.F.);
#151=ORIENTED_EDGE('',*,*,#707,.F.);
#152=ORIENTED_EDGE('',*,*,#704,.F.);
#153=ORIENTED_EDGE('',*,*,#712,.T.);
#154=ORIENTED_EDGE('',*,*,#713,.T.);
#155=ORIENTED_EDGE('',*,*,#714,.F.);
#156=ORIENTED_EDGE('',*,*,#715,.T.);
#157=ORIENTED_EDGE('',*,*,#716,.F.);
#158=ORIENTED_EDGE('',*,*,#715,.F.);
#159=ORIENTED_EDGE('',*,*,#717,.F.);
#160=ORIENTED_EDGE('',*,*,#718,.F.);
#161=ORIENTED_EDGE('',*,*,#719,.T.);
#162=ORIENTED_EDGE('',*,*,#720,.T.);
#163=ORIENTED_EDGE('',*,*,#721,.F.);
#164=ORIENTED_EDGE('',*,*,#722,.T.);
#165=ORIENTED_EDGE('',*,*,#723,.F.);
#166=ORIENTED_EDGE('',*,*,#724,.T.);
#167=ORIENTED_EDGE('',*,*,#719,.F.);
#168=ORIENTED_EDGE('',*,*,#725,.F.);
#169=ORIENTED_EDGE('',*,*,#726,.F.);
#170=ORIENTED_EDGE('',*,*,#727,.T.);
#171=ORIENTED_EDGE('',*,*,#723,.T.);
#172=ORIENTED_EDGE('',*,*,#728,.F.);
#173=ORIENTED_EDGE('',*,*,#729,.F.);
#174=ORIENTED_EDGE('',*,*,#726,.T.);
#175=ORIENTED_EDGE('',*,*,#730,.T.);
#176=ORIENTED_EDGE('',*,*,#721,.T.);
#177=ORIENTED_EDGE('',*,*,#727,.F.);
#178=ORIENTED_EDGE('',*,*,#729,.T.);
#179=ORIENTED_EDGE('',*,*,#720,.F.);
#180=ORIENTED_EDGE('',*,*,#724,.F.);
#181=ORIENTED_EDGE('',*,*,#731,.F.);
#182=ORIENTED_EDGE('',*,*,#732,.F.);
#183=ORIENTED_EDGE('',*,*,#733,.T.);
#184=ORIENTED_EDGE('',*,*,#734,.F.);
#185=ORIENTED_EDGE('',*,*,#735,.F.);
#186=ORIENTED_EDGE('',*,*,#736,.F.);
#187=ORIENTED_EDGE('',*,*,#737,.F.);
#188=ORIENTED_EDGE('',*,*,#713,.F.);
#189=ORIENTED_EDGE('',*,*,#738,.T.);
#190=ORIENTED_EDGE('',*,*,#739,.T.);
#191=ORIENTED_EDGE('',*,*,#740,.T.);
#192=ORIENTED_EDGE('',*,*,#734,.T.);
#193=ORIENTED_EDGE('',*,*,#741,.T.);
#194=ORIENTED_EDGE('',*,*,#742,.T.);
#195=ORIENTED_EDGE('',*,*,#743,.F.);
#196=ORIENTED_EDGE('',*,*,#717,.T.);
#197=ORIENTED_EDGE('',*,*,#714,.T.);
#198=ORIENTED_EDGE('',*,*,#737,.T.);
#199=ORIENTED_EDGE('',*,*,#744,.F.);
#200=ORIENTED_EDGE('',*,*,#745,.T.);
#201=ORIENTED_EDGE('',*,*,#735,.T.);
#202=ORIENTED_EDGE('',*,*,#712,.F.);
#203=ORIENTED_EDGE('',*,*,#716,.T.);
#204=ORIENTED_EDGE('',*,*,#746,.F.);
#205=ORIENTED_EDGE('',*,*,#747,.T.);
#206=ORIENTED_EDGE('',*,*,#748,.T.);
#207=ORIENTED_EDGE('',*,*,#732,.T.);
#208=ORIENTED_EDGE('',*,*,#749,.T.);
#209=ORIENTED_EDGE('',*,*,#750,.F.);
#210=ORIENTED_EDGE('',*,*,#751,.F.);
#211=ORIENTED_EDGE('',*,*,#752,.T.);
#212=ORIENTED_EDGE('',*,*,#753,.T.);
#213=ORIENTED_EDGE('',*,*,#754,.F.);
#214=ORIENTED_EDGE('',*,*,#753,.F.);
#215=ORIENTED_EDGE('',*,*,#755,.T.);
#216=ORIENTED_EDGE('',*,*,#756,.T.);
#217=ORIENTED_EDGE('',*,*,#757,.F.);
#218=ORIENTED_EDGE('',*,*,#756,.F.);
#219=ORIENTED_EDGE('',*,*,#758,.T.);
#220=ORIENTED_EDGE('',*,*,#759,.T.);
#221=ORIENTED_EDGE('',*,*,#760,.F.);
#222=ORIENTED_EDGE('',*,*,#761,.T.);
#223=ORIENTED_EDGE('',*,*,#762,.T.);
#224=ORIENTED_EDGE('',*,*,#763,.F.);
#225=ORIENTED_EDGE('',*,*,#762,.F.);
#226=ORIENTED_EDGE('',*,*,#764,.T.);
#227=ORIENTED_EDGE('',*,*,#765,.T.);
#228=ORIENTED_EDGE('',*,*,#766,.F.);
#229=ORIENTED_EDGE('',*,*,#765,.F.);
#230=ORIENTED_EDGE('',*,*,#767,.T.);
#231=ORIENTED_EDGE('',*,*,#768,.T.);
#232=ORIENTED_EDGE('',*,*,#769,.F.);
#233=ORIENTED_EDGE('',*,*,#768,.F.);
#234=ORIENTED_EDGE('',*,*,#770,.T.);
#235=ORIENTED_EDGE('',*,*,#760,.T.);
#236=ORIENTED_EDGE('',*,*,#771,.F.);
#237=ORIENTED_EDGE('',*,*,#772,.F.);
#238=ORIENTED_EDGE('',*,*,#773,.T.);
#239=ORIENTED_EDGE('',*,*,#774,.T.);
#240=ORIENTED_EDGE('',*,*,#775,.T.);
#241=ORIENTED_EDGE('',*,*,#774,.F.);
#242=ORIENTED_EDGE('',*,*,#776,.T.);
#243=ORIENTED_EDGE('',*,*,#777,.T.);
#244=ORIENTED_EDGE('',*,*,#778,.T.);
#245=ORIENTED_EDGE('',*,*,#777,.F.);
#246=ORIENTED_EDGE('',*,*,#779,.T.);
#247=ORIENTED_EDGE('',*,*,#780,.T.);
#248=ORIENTED_EDGE('',*,*,#781,.T.);
#249=ORIENTED_EDGE('',*,*,#780,.F.);
#250=ORIENTED_EDGE('',*,*,#782,.T.);
#251=ORIENTED_EDGE('',*,*,#783,.T.);
#252=ORIENTED_EDGE('',*,*,#784,.T.);
#253=ORIENTED_EDGE('',*,*,#785,.T.);
#254=ORIENTED_EDGE('',*,*,#786,.T.);
#255=ORIENTED_EDGE('',*,*,#787,.F.);
#256=ORIENTED_EDGE('',*,*,#788,.T.);
#257=ORIENTED_EDGE('',*,*,#789,.F.);
#258=ORIENTED_EDGE('',*,*,#790,.F.);
#259=ORIENTED_EDGE('',*,*,#791,.F.);
#260=ORIENTED_EDGE('',*,*,#786,.F.);
#261=ORIENTED_EDGE('',*,*,#792,.T.);
#262=ORIENTED_EDGE('',*,*,#793,.F.);
#263=ORIENTED_EDGE('',*,*,#739,.F.);
#264=ORIENTED_EDGE('',*,*,#794,.T.);
#265=ORIENTED_EDGE('',*,*,#795,.F.);
#266=ORIENTED_EDGE('',*,*,#796,.F.);
#267=ORIENTED_EDGE('',*,*,#742,.F.);
#268=ORIENTED_EDGE('',*,*,#797,.T.);
#269=ORIENTED_EDGE('',*,*,#798,.T.);
#270=ORIENTED_EDGE('',*,*,#799,.F.);
#271=ORIENTED_EDGE('',*,*,#800,.F.);
#272=ORIENTED_EDGE('',*,*,#801,.T.);
#273=ORIENTED_EDGE('',*,*,#802,.T.);
#274=ORIENTED_EDGE('',*,*,#803,.T.);
#275=ORIENTED_EDGE('',*,*,#804,.F.);
#276=ORIENTED_EDGE('',*,*,#801,.F.);
#277=ORIENTED_EDGE('',*,*,#805,.F.);
#278=ORIENTED_EDGE('',*,*,#806,.F.);
#279=ORIENTED_EDGE('',*,*,#807,.T.);
#280=ORIENTED_EDGE('',*,*,#808,.T.);
#281=ORIENTED_EDGE('',*,*,#809,.F.);
#282=ORIENTED_EDGE('',*,*,#810,.F.);
#283=ORIENTED_EDGE('',*,*,#809,.T.);
#284=ORIENTED_EDGE('',*,*,#811,.T.);
#285=ORIENTED_EDGE('',*,*,#812,.F.);
#286=ORIENTED_EDGE('',*,*,#813,.F.);
#287=ORIENTED_EDGE('',*,*,#812,.T.);
#288=ORIENTED_EDGE('',*,*,#814,.T.);
#289=ORIENTED_EDGE('',*,*,#815,.F.);
#290=ORIENTED_EDGE('',*,*,#816,.F.);
#291=ORIENTED_EDGE('',*,*,#815,.T.);
#292=ORIENTED_EDGE('',*,*,#817,.T.);
#293=ORIENTED_EDGE('',*,*,#818,.F.);
#294=ORIENTED_EDGE('',*,*,#819,.F.);
#295=ORIENTED_EDGE('',*,*,#818,.T.);
#296=ORIENTED_EDGE('',*,*,#820,.T.);
#297=ORIENTED_EDGE('',*,*,#821,.F.);
#298=ORIENTED_EDGE('',*,*,#822,.F.);
#299=ORIENTED_EDGE('',*,*,#823,.F.);
#300=ORIENTED_EDGE('',*,*,#824,.T.);
#301=ORIENTED_EDGE('',*,*,#825,.T.);
#302=ORIENTED_EDGE('',*,*,#826,.T.);
#303=ORIENTED_EDGE('',*,*,#827,.F.);
#304=ORIENTED_EDGE('',*,*,#824,.F.);
#305=ORIENTED_EDGE('',*,*,#828,.F.);
#306=ORIENTED_EDGE('',*,*,#829,.F.);
#307=ORIENTED_EDGE('',*,*,#830,.T.);
#308=ORIENTED_EDGE('',*,*,#746,.T.);
#309=ORIENTED_EDGE('',*,*,#718,.T.);
#310=ORIENTED_EDGE('',*,*,#743,.T.);
#311=ORIENTED_EDGE('',*,*,#796,.T.);
#312=ORIENTED_EDGE('',*,*,#831,.T.);
#313=ORIENTED_EDGE('',*,*,#806,.T.);
#314=ORIENTED_EDGE('',*,*,#832,.T.);
#315=ORIENTED_EDGE('',*,*,#810,.T.);
#316=ORIENTED_EDGE('',*,*,#813,.T.);
#317=ORIENTED_EDGE('',*,*,#816,.T.);
#318=ORIENTED_EDGE('',*,*,#819,.T.);
#319=ORIENTED_EDGE('',*,*,#822,.T.);
#320=ORIENTED_EDGE('',*,*,#833,.T.);
#321=ORIENTED_EDGE('',*,*,#829,.T.);
#322=ORIENTED_EDGE('',*,*,#834,.T.);
#323=ORIENTED_EDGE('',*,*,#835,.T.);
#324=ORIENTED_EDGE('',*,*,#836,.F.);
#325=ORIENTED_EDGE('',*,*,#747,.F.);
#326=ORIENTED_EDGE('',*,*,#830,.F.);
#327=ORIENTED_EDGE('',*,*,#837,.T.);
#328=ORIENTED_EDGE('',*,*,#748,.F.);
#329=ORIENTED_EDGE('',*,*,#836,.T.);
#330=ORIENTED_EDGE('',*,*,#838,.T.);
#331=ORIENTED_EDGE('',*,*,#839,.T.);
#332=ORIENTED_EDGE('',*,*,#840,.T.);
#333=ORIENTED_EDGE('',*,*,#797,.F.);
#334=ORIENTED_EDGE('',*,*,#741,.F.);
#335=ORIENTED_EDGE('',*,*,#733,.F.);
#336=ORIENTED_EDGE('',*,*,#841,.T.);
#337=ORIENTED_EDGE('',*,*,#842,.F.);
#338=ORIENTED_EDGE('',*,*,#839,.F.);
#339=ORIENTED_EDGE('',*,*,#843,.T.);
#340=ORIENTED_EDGE('',*,*,#730,.F.);
#341=ORIENTED_EDGE('',*,*,#728,.T.);
#342=ORIENTED_EDGE('',*,*,#725,.T.);
#343=ORIENTED_EDGE('',*,*,#722,.F.);
#344=ORIENTED_EDGE('',*,*,#844,.F.);
#345=ORIENTED_EDGE('',*,*,#749,.F.);
#346=ORIENTED_EDGE('',*,*,#731,.T.);
#347=ORIENTED_EDGE('',*,*,#740,.F.);
#348=ORIENTED_EDGE('',*,*,#793,.T.);
#349=ORIENTED_EDGE('',*,*,#845,.F.);
#350=ORIENTED_EDGE('',*,*,#841,.F.);
#351=ORIENTED_EDGE('',*,*,#846,.F.);
#352=ORIENTED_EDGE('',*,*,#847,.T.);
#353=ORIENTED_EDGE('',*,*,#744,.T.);
#354=ORIENTED_EDGE('',*,*,#844,.T.);
#355=ORIENTED_EDGE('',*,*,#848,.T.);
#356=ORIENTED_EDGE('',*,*,#849,.T.);
#357=ORIENTED_EDGE('',*,*,#850,.F.);
#358=ORIENTED_EDGE('',*,*,#851,.T.);
#359=ORIENTED_EDGE('',*,*,#772,.T.);
#360=ORIENTED_EDGE('',*,*,#852,.T.);
#361=ORIENTED_EDGE('',*,*,#853,.T.);
#362=ORIENTED_EDGE('',*,*,#854,.T.);
#363=ORIENTED_EDGE('',*,*,#855,.F.);
#364=ORIENTED_EDGE('',*,*,#856,.T.);
#365=ORIENTED_EDGE('',*,*,#857,.F.);
#366=ORIENTED_EDGE('',*,*,#858,.F.);
#367=ORIENTED_EDGE('',*,*,#859,.F.);
#368=ORIENTED_EDGE('',*,*,#854,.F.);
#369=ORIENTED_EDGE('',*,*,#745,.F.);
#370=ORIENTED_EDGE('',*,*,#847,.F.);
#371=ORIENTED_EDGE('',*,*,#860,.F.);
#372=ORIENTED_EDGE('',*,*,#858,.T.);
#373=ORIENTED_EDGE('',*,*,#861,.F.);
#374=ORIENTED_EDGE('',*,*,#852,.F.);
#375=ORIENTED_EDGE('',*,*,#775,.F.);
#376=ORIENTED_EDGE('',*,*,#778,.F.);
#377=ORIENTED_EDGE('',*,*,#781,.F.);
#378=ORIENTED_EDGE('',*,*,#784,.F.);
#379=ORIENTED_EDGE('',*,*,#862,.F.);
#380=ORIENTED_EDGE('',*,*,#790,.T.);
#381=ORIENTED_EDGE('',*,*,#863,.F.);
#382=ORIENTED_EDGE('',*,*,#794,.F.);
#383=ORIENTED_EDGE('',*,*,#738,.F.);
#384=ORIENTED_EDGE('',*,*,#736,.T.);
#385=ORIENTED_EDGE('',*,*,#864,.F.);
#386=ORIENTED_EDGE('',*,*,#865,.F.);
#387=ORIENTED_EDGE('',*,*,#866,.T.);
#388=ORIENTED_EDGE('',*,*,#867,.T.);
#389=ORIENTED_EDGE('',*,*,#868,.F.);
#390=ORIENTED_EDGE('',*,*,#867,.F.);
#391=ORIENTED_EDGE('',*,*,#869,.T.);
#392=ORIENTED_EDGE('',*,*,#870,.T.);
#393=ORIENTED_EDGE('',*,*,#871,.F.);
#394=ORIENTED_EDGE('',*,*,#870,.F.);
#395=ORIENTED_EDGE('',*,*,#872,.T.);
#396=ORIENTED_EDGE('',*,*,#873,.T.);
#397=ORIENTED_EDGE('',*,*,#874,.F.);
#398=ORIENTED_EDGE('',*,*,#875,.T.);
#399=ORIENTED_EDGE('',*,*,#876,.T.);
#400=ORIENTED_EDGE('',*,*,#877,.F.);
#401=ORIENTED_EDGE('',*,*,#876,.F.);
#402=ORIENTED_EDGE('',*,*,#878,.T.);
#403=ORIENTED_EDGE('',*,*,#879,.T.);
#404=ORIENTED_EDGE('',*,*,#880,.F.);
#405=ORIENTED_EDGE('',*,*,#879,.F.);
#406=ORIENTED_EDGE('',*,*,#881,.T.);
#407=ORIENTED_EDGE('',*,*,#882,.T.);
#408=ORIENTED_EDGE('',*,*,#883,.F.);
#409=ORIENTED_EDGE('',*,*,#882,.F.);
#410=ORIENTED_EDGE('',*,*,#884,.T.);
#411=ORIENTED_EDGE('',*,*,#874,.T.);
#412=ORIENTED_EDGE('',*,*,#885,.F.);
#413=ORIENTED_EDGE('',*,*,#886,.F.);
#414=ORIENTED_EDGE('',*,*,#887,.F.);
#415=ORIENTED_EDGE('',*,*,#759,.F.);
#416=ORIENTED_EDGE('',*,*,#888,.T.);
#417=ORIENTED_EDGE('',*,*,#769,.T.);
#418=ORIENTED_EDGE('',*,*,#771,.T.);
#419=ORIENTED_EDGE('',*,*,#763,.T.);
#420=ORIENTED_EDGE('',*,*,#766,.T.);
#421=ORIENTED_EDGE('',*,*,#889,.F.);
#422=ORIENTED_EDGE('',*,*,#890,.T.);
#423=ORIENTED_EDGE('',*,*,#750,.T.);
#424=ORIENTED_EDGE('',*,*,#754,.T.);
#425=ORIENTED_EDGE('',*,*,#757,.T.);
#426=ORIENTED_EDGE('',*,*,#887,.T.);
#427=ORIENTED_EDGE('',*,*,#891,.F.);
#428=ORIENTED_EDGE('',*,*,#892,.T.);
#429=ORIENTED_EDGE('',*,*,#751,.T.);
#430=ORIENTED_EDGE('',*,*,#890,.F.);
#431=ORIENTED_EDGE('',*,*,#770,.F.);
#432=ORIENTED_EDGE('',*,*,#767,.F.);
#433=ORIENTED_EDGE('',*,*,#764,.F.);
#434=ORIENTED_EDGE('',*,*,#761,.F.);
#435=ORIENTED_EDGE('',*,*,#892,.F.);
#436=ORIENTED_EDGE('',*,*,#893,.T.);
#437=ORIENTED_EDGE('',*,*,#888,.F.);
#438=ORIENTED_EDGE('',*,*,#758,.F.);
#439=ORIENTED_EDGE('',*,*,#755,.F.);
#440=ORIENTED_EDGE('',*,*,#752,.F.);
#441=ORIENTED_EDGE('',*,*,#894,.F.);
#442=ORIENTED_EDGE('',*,*,#782,.F.);
#443=ORIENTED_EDGE('',*,*,#779,.F.);
#444=ORIENTED_EDGE('',*,*,#776,.F.);
#445=ORIENTED_EDGE('',*,*,#773,.F.);
#446=ORIENTED_EDGE('',*,*,#851,.F.);
#447=ORIENTED_EDGE('',*,*,#895,.F.);
#448=ORIENTED_EDGE('',*,*,#896,.F.);
#449=ORIENTED_EDGE('',*,*,#787,.T.);
#450=ORIENTED_EDGE('',*,*,#791,.T.);
#451=ORIENTED_EDGE('',*,*,#862,.T.);
#452=ORIENTED_EDGE('',*,*,#783,.F.);
#453=ORIENTED_EDGE('',*,*,#894,.T.);
#454=ORIENTED_EDGE('',*,*,#897,.F.);
#455=ORIENTED_EDGE('',*,*,#898,.T.);
#456=ORIENTED_EDGE('',*,*,#899,.F.);
#457=ORIENTED_EDGE('',*,*,#788,.F.);
#458=ORIENTED_EDGE('',*,*,#898,.F.);
#459=ORIENTED_EDGE('',*,*,#900,.F.);
#460=ORIENTED_EDGE('',*,*,#863,.T.);
#461=ORIENTED_EDGE('',*,*,#789,.T.);
#462=ORIENTED_EDGE('',*,*,#785,.F.);
#463=ORIENTED_EDGE('',*,*,#899,.T.);
#464=ORIENTED_EDGE('',*,*,#901,.T.);
#465=ORIENTED_EDGE('',*,*,#902,.T.);
#466=ORIENTED_EDGE('',*,*,#795,.T.);
#467=ORIENTED_EDGE('',*,*,#902,.F.);
#468=ORIENTED_EDGE('',*,*,#903,.F.);
#469=ORIENTED_EDGE('',*,*,#904,.F.);
#470=ORIENTED_EDGE('',*,*,#792,.F.);
#471=ORIENTED_EDGE('',*,*,#845,.T.);
#472=ORIENTED_EDGE('',*,*,#904,.T.);
#473=ORIENTED_EDGE('',*,*,#905,.F.);
#474=ORIENTED_EDGE('',*,*,#906,.F.);
#475=ORIENTED_EDGE('',*,*,#840,.F.);
#476=ORIENTED_EDGE('',*,*,#842,.T.);
#477=ORIENTED_EDGE('',*,*,#798,.F.);
#478=ORIENTED_EDGE('',*,*,#906,.T.);
#479=ORIENTED_EDGE('',*,*,#907,.T.);
#480=ORIENTED_EDGE('',*,*,#908,.F.);
#481=ORIENTED_EDGE('',*,*,#802,.F.);
#482=ORIENTED_EDGE('',*,*,#804,.T.);
#483=ORIENTED_EDGE('',*,*,#831,.F.);
#484=ORIENTED_EDGE('',*,*,#799,.T.);
#485=ORIENTED_EDGE('',*,*,#908,.T.);
#486=ORIENTED_EDGE('',*,*,#909,.F.);
#487=ORIENTED_EDGE('',*,*,#910,.T.);
#488=ORIENTED_EDGE('',*,*,#911,.F.);
#489=ORIENTED_EDGE('',*,*,#912,.F.);
#490=ORIENTED_EDGE('',*,*,#803,.F.);
#491=ORIENTED_EDGE('',*,*,#910,.F.);
#492=ORIENTED_EDGE('',*,*,#832,.F.);
#493=ORIENTED_EDGE('',*,*,#805,.T.);
#494=ORIENTED_EDGE('',*,*,#800,.T.);
#495=ORIENTED_EDGE('',*,*,#912,.T.);
#496=ORIENTED_EDGE('',*,*,#913,.T.);
#497=ORIENTED_EDGE('',*,*,#914,.T.);
#498=ORIENTED_EDGE('',*,*,#807,.F.);
#499=ORIENTED_EDGE('',*,*,#915,.F.);
#500=ORIENTED_EDGE('',*,*,#820,.F.);
#501=ORIENTED_EDGE('',*,*,#817,.F.);
#502=ORIENTED_EDGE('',*,*,#814,.F.);
#503=ORIENTED_EDGE('',*,*,#811,.F.);
#504=ORIENTED_EDGE('',*,*,#808,.F.);
#505=ORIENTED_EDGE('',*,*,#914,.F.);
#506=ORIENTED_EDGE('',*,*,#916,.T.);
#507=ORIENTED_EDGE('',*,*,#825,.F.);
#508=ORIENTED_EDGE('',*,*,#827,.T.);
#509=ORIENTED_EDGE('',*,*,#833,.F.);
#510=ORIENTED_EDGE('',*,*,#821,.T.);
#511=ORIENTED_EDGE('',*,*,#915,.T.);
#512=ORIENTED_EDGE('',*,*,#917,.F.);
#513=ORIENTED_EDGE('',*,*,#918,.T.);
#514=ORIENTED_EDGE('',*,*,#919,.F.);
#515=ORIENTED_EDGE('',*,*,#920,.F.);
#516=ORIENTED_EDGE('',*,*,#826,.F.);
#517=ORIENTED_EDGE('',*,*,#918,.F.);
#518=ORIENTED_EDGE('',*,*,#834,.F.);
#519=ORIENTED_EDGE('',*,*,#828,.T.);
#520=ORIENTED_EDGE('',*,*,#823,.T.);
#521=ORIENTED_EDGE('',*,*,#920,.T.);
#522=ORIENTED_EDGE('',*,*,#921,.T.);
#523=ORIENTED_EDGE('',*,*,#922,.T.);
#524=ORIENTED_EDGE('',*,*,#837,.F.);
#525=ORIENTED_EDGE('',*,*,#923,.T.);
#526=ORIENTED_EDGE('',*,*,#924,.T.);
#527=ORIENTED_EDGE('',*,*,#835,.F.);
#528=ORIENTED_EDGE('',*,*,#922,.F.);
#529=ORIENTED_EDGE('',*,*,#925,.T.);
#530=ORIENTED_EDGE('',*,*,#846,.T.);
#531=ORIENTED_EDGE('',*,*,#843,.F.);
#532=ORIENTED_EDGE('',*,*,#838,.F.);
#533=ORIENTED_EDGE('',*,*,#924,.F.);
#534=ORIENTED_EDGE('',*,*,#926,.T.);
#535=ORIENTED_EDGE('',*,*,#848,.F.);
#536=ORIENTED_EDGE('',*,*,#925,.F.);
#537=ORIENTED_EDGE('',*,*,#927,.F.);
#538=ORIENTED_EDGE('',*,*,#928,.F.);
#539=ORIENTED_EDGE('',*,*,#855,.T.);
#540=ORIENTED_EDGE('',*,*,#859,.T.);
#541=ORIENTED_EDGE('',*,*,#860,.T.);
#542=ORIENTED_EDGE('',*,*,#849,.F.);
#543=ORIENTED_EDGE('',*,*,#928,.T.);
#544=ORIENTED_EDGE('',*,*,#929,.F.);
#545=ORIENTED_EDGE('',*,*,#930,.T.);
#546=ORIENTED_EDGE('',*,*,#931,.F.);
#547=ORIENTED_EDGE('',*,*,#856,.F.);
#548=ORIENTED_EDGE('',*,*,#930,.F.);
#549=ORIENTED_EDGE('',*,*,#932,.F.);
#550=ORIENTED_EDGE('',*,*,#861,.T.);
#551=ORIENTED_EDGE('',*,*,#857,.T.);
#552=ORIENTED_EDGE('',*,*,#853,.F.);
#553=ORIENTED_EDGE('',*,*,#931,.T.);
#554=ORIENTED_EDGE('',*,*,#933,.T.);
#555=ORIENTED_EDGE('',*,*,#895,.T.);
#556=ORIENTED_EDGE('',*,*,#850,.T.);
#557=ORIENTED_EDGE('',*,*,#934,.F.);
#558=ORIENTED_EDGE('',*,*,#935,.F.);
#559=ORIENTED_EDGE('',*,*,#873,.F.);
#560=ORIENTED_EDGE('',*,*,#936,.T.);
#561=ORIENTED_EDGE('',*,*,#883,.T.);
#562=ORIENTED_EDGE('',*,*,#885,.T.);
#563=ORIENTED_EDGE('',*,*,#877,.T.);
#564=ORIENTED_EDGE('',*,*,#880,.T.);
#565=ORIENTED_EDGE('',*,*,#937,.F.);
#566=ORIENTED_EDGE('',*,*,#938,.T.);
#567=ORIENTED_EDGE('',*,*,#864,.T.);
#568=ORIENTED_EDGE('',*,*,#868,.T.);
#569=ORIENTED_EDGE('',*,*,#871,.T.);
#570=ORIENTED_EDGE('',*,*,#935,.T.);
#571=ORIENTED_EDGE('',*,*,#939,.F.);
#572=ORIENTED_EDGE('',*,*,#940,.T.);
#573=ORIENTED_EDGE('',*,*,#865,.T.);
#574=ORIENTED_EDGE('',*,*,#938,.F.);
#575=ORIENTED_EDGE('',*,*,#884,.F.);
#576=ORIENTED_EDGE('',*,*,#881,.F.);
#577=ORIENTED_EDGE('',*,*,#878,.F.);
#578=ORIENTED_EDGE('',*,*,#875,.F.);
#579=ORIENTED_EDGE('',*,*,#940,.F.);
#580=ORIENTED_EDGE('',*,*,#941,.T.);
#581=ORIENTED_EDGE('',*,*,#936,.F.);
#582=ORIENTED_EDGE('',*,*,#872,.F.);
#583=ORIENTED_EDGE('',*,*,#869,.F.);
#584=ORIENTED_EDGE('',*,*,#866,.F.);
#585=ORIENTED_EDGE('',*,*,#942,.T.);
#586=ORIENTED_EDGE('',*,*,#943,.T.);
#587=ORIENTED_EDGE('',*,*,#944,.F.);
#588=ORIENTED_EDGE('',*,*,#945,.T.);
#589=ORIENTED_EDGE('',*,*,#941,.F.);
#590=ORIENTED_EDGE('',*,*,#939,.T.);
#591=ORIENTED_EDGE('',*,*,#937,.T.);
#592=ORIENTED_EDGE('',*,*,#934,.T.);
#593=ORIENTED_EDGE('',*,*,#933,.F.);
#594=ORIENTED_EDGE('',*,*,#932,.T.);
#595=ORIENTED_EDGE('',*,*,#929,.T.);
#596=ORIENTED_EDGE('',*,*,#927,.T.);
#597=ORIENTED_EDGE('',*,*,#926,.F.);
#598=ORIENTED_EDGE('',*,*,#923,.F.);
#599=ORIENTED_EDGE('',*,*,#921,.F.);
#600=ORIENTED_EDGE('',*,*,#919,.T.);
#601=ORIENTED_EDGE('',*,*,#917,.T.);
#602=ORIENTED_EDGE('',*,*,#916,.F.);
#603=ORIENTED_EDGE('',*,*,#913,.F.);
#604=ORIENTED_EDGE('',*,*,#911,.T.);
#605=ORIENTED_EDGE('',*,*,#909,.T.);
#606=ORIENTED_EDGE('',*,*,#907,.F.);
#607=ORIENTED_EDGE('',*,*,#905,.T.);
#608=ORIENTED_EDGE('',*,*,#903,.T.);
#609=ORIENTED_EDGE('',*,*,#901,.F.);
#610=ORIENTED_EDGE('',*,*,#900,.T.);
#611=ORIENTED_EDGE('',*,*,#897,.T.);
#612=ORIENTED_EDGE('',*,*,#896,.T.);
#613=ORIENTED_EDGE('',*,*,#893,.F.);
#614=ORIENTED_EDGE('',*,*,#891,.T.);
#615=ORIENTED_EDGE('',*,*,#889,.T.);
#616=ORIENTED_EDGE('',*,*,#886,.T.);
#617=ORIENTED_EDGE('',*,*,#946,.F.);
#618=ORIENTED_EDGE('',*,*,#947,.F.);
#619=ORIENTED_EDGE('',*,*,#948,.T.);
#620=ORIENTED_EDGE('',*,*,#949,.T.);
#621=ORIENTED_EDGE('',*,*,#950,.F.);
#622=ORIENTED_EDGE('',*,*,#949,.F.);
#623=ORIENTED_EDGE('',*,*,#951,.T.);
#624=ORIENTED_EDGE('',*,*,#952,.T.);
#625=ORIENTED_EDGE('',*,*,#953,.F.);
#626=ORIENTED_EDGE('',*,*,#954,.F.);
#627=ORIENTED_EDGE('',*,*,#955,.T.);
#628=ORIENTED_EDGE('',*,*,#947,.T.);
#629=ORIENTED_EDGE('',*,*,#943,.F.);
#630=ORIENTED_EDGE('',*,*,#956,.F.);
#631=ORIENTED_EDGE('',*,*,#952,.F.);
#632=ORIENTED_EDGE('',*,*,#957,.T.);
#633=ORIENTED_EDGE('',*,*,#958,.T.);
#634=ORIENTED_EDGE('',*,*,#959,.T.);
#635=ORIENTED_EDGE('',*,*,#960,.T.);
#636=ORIENTED_EDGE('',*,*,#961,.T.);
#637=ORIENTED_EDGE('',*,*,#942,.F.);
#638=ORIENTED_EDGE('',*,*,#962,.T.);
#639=ORIENTED_EDGE('',*,*,#953,.T.);
#640=ORIENTED_EDGE('',*,*,#946,.T.);
#641=ORIENTED_EDGE('',*,*,#950,.T.);
#642=ORIENTED_EDGE('',*,*,#956,.T.);
#643=ORIENTED_EDGE('',*,*,#963,.F.);
#644=ORIENTED_EDGE('',*,*,#964,.T.);
#645=ORIENTED_EDGE('',*,*,#965,.T.);
#646=ORIENTED_EDGE('',*,*,#959,.F.);
#647=ORIENTED_EDGE('',*,*,#965,.F.);
#648=ORIENTED_EDGE('',*,*,#966,.T.);
#649=ORIENTED_EDGE('',*,*,#967,.T.);
#650=ORIENTED_EDGE('',*,*,#960,.F.);
#651=ORIENTED_EDGE('',*,*,#967,.F.);
#652=ORIENTED_EDGE('',*,*,#968,.T.);
#653=ORIENTED_EDGE('',*,*,#969,.T.);
#654=ORIENTED_EDGE('',*,*,#961,.F.);
#655=ORIENTED_EDGE('',*,*,#969,.F.);
#656=ORIENTED_EDGE('',*,*,#970,.T.);
#657=ORIENTED_EDGE('',*,*,#963,.T.);
#658=ORIENTED_EDGE('',*,*,#958,.F.);
#659=ORIENTED_EDGE('',*,*,#964,.F.);
#660=ORIENTED_EDGE('',*,*,#970,.F.);
#661=ORIENTED_EDGE('',*,*,#968,.F.);
#662=ORIENTED_EDGE('',*,*,#966,.F.);
#663=ORIENTED_EDGE('',*,*,#971,.F.);
#664=ORIENTED_EDGE('',*,*,#944,.T.);
#665=ORIENTED_EDGE('',*,*,#957,.F.);
#666=ORIENTED_EDGE('',*,*,#951,.F.);
#667=ORIENTED_EDGE('',*,*,#948,.F.);
#668=ORIENTED_EDGE('',*,*,#955,.F.);
#669=ORIENTED_EDGE('',*,*,#945,.F.);
#670=ORIENTED_EDGE('',*,*,#971,.T.);
#671=ORIENTED_EDGE('',*,*,#954,.T.);
#672=ORIENTED_EDGE('',*,*,#962,.F.);
#673=EDGE_CURVE('',#972,#973,#1170,.T.);
#674=EDGE_CURVE('',#974,#972,#1171,.T.);
#675=EDGE_CURVE('',#974,#975,#1172,.T.);
#676=EDGE_CURVE('',#975,#973,#1173,.T.);
#677=EDGE_CURVE('',#973,#976,#1174,.T.);
#678=EDGE_CURVE('',#975,#977,#1175,.T.);
#679=EDGE_CURVE('',#977,#976,#1176,.T.);
#680=EDGE_CURVE('',#976,#978,#1177,.T.);
#681=EDGE_CURVE('',#977,#979,#1178,.T.);
#682=EDGE_CURVE('',#979,#978,#1179,.T.);
#683=EDGE_CURVE('',#978,#980,#1180,.T.);
#684=EDGE_CURVE('',#979,#981,#1181,.T.);
#685=EDGE_CURVE('',#981,#980,#1182,.T.);
#686=EDGE_CURVE('',#982,#983,#1183,.T.);
#687=EDGE_CURVE('',#980,#982,#1184,.T.);
#688=EDGE_CURVE('',#981,#983,#1185,.T.);
#689=EDGE_CURVE('',#984,#985,#1186,.T.);
#690=EDGE_CURVE('',#984,#974,#1187,.T.);
#691=EDGE_CURVE('',#985,#972,#1188,.T.);
#692=EDGE_CURVE('',#986,#982,#1189,.T.);
#693=EDGE_CURVE('',#987,#983,#1190,.T.);
#694=EDGE_CURVE('',#987,#986,#1191,.T.);
#695=EDGE_CURVE('',#985,#988,#1192,.T.);
#696=EDGE_CURVE('',#986,#988,#1193,.T.);
#697=EDGE_CURVE('',#989,#988,#1194,.T.);
#698=EDGE_CURVE('',#984,#989,#1195,.T.);
#699=EDGE_CURVE('',#989,#987,#1196,.T.);
#700=EDGE_CURVE('',#990,#991,#1197,.T.);
#701=EDGE_CURVE('',#991,#992,#1198,.T.);
#702=EDGE_CURVE('',#992,#993,#1199,.T.);
#703=EDGE_CURVE('',#993,#990,#1200,.T.);
#704=EDGE_CURVE('',#994,#995,#1201,.T.);
#705=EDGE_CURVE('',#995,#992,#1202,.T.);
#706=EDGE_CURVE('',#994,#991,#1203,.T.);
#707=EDGE_CURVE('',#995,#996,#1204,.T.);
#708=EDGE_CURVE('',#996,#993,#1205,.T.);
#709=EDGE_CURVE('',#996,#997,#1206,.T.);
#710=EDGE_CURVE('',#997,#990,#1207,.T.);
#711=EDGE_CURVE('',#997,#994,#1208,.T.);
#712=EDGE_CURVE('',#998,#999,#1209,.T.);
#713=EDGE_CURVE('',#999,#1000,#1210,.T.);
#714=EDGE_CURVE('',#1001,#1000,#1211,.T.);
#715=EDGE_CURVE('',#1001,#998,#1212,.F.);
#716=EDGE_CURVE('',#998,#1002,#21,.F.);
#717=EDGE_CURVE('',#1003,#1001,#22,.F.);
#718=EDGE_CURVE('',#1002,#1003,#1213,.T.);
#719=EDGE_CURVE('',#1004,#1005,#1214,.T.);
#720=EDGE_CURVE('',#1005,#1006,#1215,.T.);
#721=EDGE_CURVE('',#1007,#1006,#1216,.T.);
#722=EDGE_CURVE('',#1007,#1004,#1217,.T.);
#723=EDGE_CURVE('',#1008,#1009,#1218,.T.);
#724=EDGE_CURVE('',#1008,#1005,#1219,.T.);
#725=EDGE_CURVE('',#1009,#1004,#1220,.T.);
#726=EDGE_CURVE('',#1010,#1011,#1221,.T.);
#727=EDGE_CURVE('',#1010,#1008,#1222,.T.);
#728=EDGE_CURVE('',#1011,#1009,#1223,.T.);
#729=EDGE_CURVE('',#1010,#1006,#1224,.T.);
#730=EDGE_CURVE('',#1011,#1007,#1225,.T.);
#731=EDGE_CURVE('',#1012,#1013,#1226,.T.);
#732=EDGE_CURVE('',#1014,#1012,#1227,.T.);
#733=EDGE_CURVE('',#1014,#1015,#1228,.T.);
#734=EDGE_CURVE('',#1013,#1015,#1229,.T.);
#735=EDGE_CURVE('',#1016,#999,#23,.F.);
#736=EDGE_CURVE('',#1017,#1016,#1230,.F.);
#737=EDGE_CURVE('',#1000,#1017,#24,.F.);
#738=EDGE_CURVE('',#1017,#1018,#1231,.T.);
#739=EDGE_CURVE('',#1018,#1019,#1232,.T.);
#740=EDGE_CURVE('',#1019,#1013,#1233,.T.);
#741=EDGE_CURVE('',#1015,#1020,#1234,.T.);
#742=EDGE_CURVE('',#1020,#1021,#1235,.T.);
#743=EDGE_CURVE('',#1003,#1021,#1236,.T.);
#744=EDGE_CURVE('',#1022,#1023,#1237,.T.);
#745=EDGE_CURVE('',#1022,#1016,#1238,.T.);
#746=EDGE_CURVE('',#1024,#1002,#1239,.T.);
#747=EDGE_CURVE('',#1024,#1025,#1240,.T.);
#748=EDGE_CURVE('',#1025,#1014,#1241,.T.);
#749=EDGE_CURVE('',#1012,#1023,#1242,.T.);
#750=EDGE_CURVE('',#1026,#1027,#25,.T.);
#751=EDGE_CURVE('',#1028,#1026,#1243,.T.);
#752=EDGE_CURVE('',#1028,#1029,#26,.T.);
#753=EDGE_CURVE('',#1029,#1027,#1244,.F.);
#754=EDGE_CURVE('',#1027,#1030,#1245,.T.);
#755=EDGE_CURVE('',#1029,#1031,#1246,.T.);
#756=EDGE_CURVE('',#1031,#1030,#1247,.T.);
#757=EDGE_CURVE('',#1030,#1032,#27,.T.);
#758=EDGE_CURVE('',#1031,#1033,#28,.T.);
#759=EDGE_CURVE('',#1033,#1032,#1248,.F.);
#760=EDGE_CURVE('',#1034,#1035,#1249,.T.);
#761=EDGE_CURVE('',#1034,#1036,#29,.F.);
#762=EDGE_CURVE('',#1036,#1037,#1250,.T.);
#763=EDGE_CURVE('',#1035,#1037,#30,.F.);
#764=EDGE_CURVE('',#1036,#1038,#1251,.T.);
#765=EDGE_CURVE('',#1038,#1039,#1252,.T.);
#766=EDGE_CURVE('',#1037,#1039,#1253,.T.);
#767=EDGE_CURVE('',#1038,#1040,#31,.F.);
#768=EDGE_CURVE('',#1040,#1041,#1254,.T.);
#769=EDGE_CURVE('',#1039,#1041,#32,.F.);
#770=EDGE_CURVE('',#1040,#1034,#1255,.T.);
#771=EDGE_CURVE('',#1041,#1035,#1256,.T.);
#772=EDGE_CURVE('',#1042,#1043,#1257,.T.);
#773=EDGE_CURVE('',#1042,#1044,#1258,.T.);
#774=EDGE_CURVE('',#1044,#1045,#1259,.T.);
#775=EDGE_CURVE('',#1045,#1043,#1260,.T.);
#776=EDGE_CURVE('',#1044,#1046,#1261,.T.);
#777=EDGE_CURVE('',#1046,#1047,#1262,.T.);
#778=EDGE_CURVE('',#1047,#1045,#1263,.T.);
#779=EDGE_CURVE('',#1046,#1048,#1264,.T.);
#780=EDGE_CURVE('',#1048,#1049,#1265,.T.);
#781=EDGE_CURVE('',#1049,#1047,#1266,.T.);
#782=EDGE_CURVE('',#1048,#1050,#1267,.T.);
#783=EDGE_CURVE('',#1050,#1051,#1268,.T.);
#784=EDGE_CURVE('',#1051,#1049,#1269,.T.);
#785=EDGE_CURVE('',#1052,#1053,#1270,.T.);
#786=EDGE_CURVE('',#1053,#1054,#1271,.T.);
#787=EDGE_CURVE('',#1055,#1054,#1272,.T.);
#788=EDGE_CURVE('',#1055,#1052,#1273,.T.);
#789=EDGE_CURVE('',#1056,#1053,#33,.F.);
#790=EDGE_CURVE('',#1057,#1056,#1274,.F.);
#791=EDGE_CURVE('',#1054,#1057,#34,.F.);
#792=EDGE_CURVE('',#1058,#1059,#1275,.T.);
#793=EDGE_CURVE('',#1019,#1059,#1276,.T.);
#794=EDGE_CURVE('',#1018,#1060,#1277,.T.);
#795=EDGE_CURVE('',#1058,#1060,#1278,.T.);
#796=EDGE_CURVE('',#1021,#1061,#1279,.T.);
#797=EDGE_CURVE('',#1020,#1062,#1280,.T.);
#798=EDGE_CURVE('',#1062,#1063,#1281,.T.);
#799=EDGE_CURVE('',#1061,#1063,#1282,.T.);
#800=EDGE_CURVE('',#1064,#1065,#1283,.T.);
#801=EDGE_CURVE('',#1064,#1066,#1284,.F.);
#802=EDGE_CURVE('',#1066,#1067,#1285,.T.);
#803=EDGE_CURVE('',#1067,#1065,#1286,.T.);
#804=EDGE_CURVE('',#1066,#1068,#35,.F.);
#805=EDGE_CURVE('',#1069,#1064,#36,.F.);
#806=EDGE_CURVE('',#1068,#1069,#1287,.T.);
#807=EDGE_CURVE('',#1070,#1071,#1288,.T.);
#808=EDGE_CURVE('',#1071,#1072,#1289,.T.);
#809=EDGE_CURVE('',#1073,#1072,#1290,.T.);
#810=EDGE_CURVE('',#1070,#1073,#1291,.T.);
#811=EDGE_CURVE('',#1072,#1074,#1292,.T.);
#812=EDGE_CURVE('',#1075,#1074,#1293,.T.);
#813=EDGE_CURVE('',#1073,#1075,#1294,.T.);
#814=EDGE_CURVE('',#1074,#1076,#1295,.T.);
#815=EDGE_CURVE('',#1077,#1076,#1296,.T.);
#816=EDGE_CURVE('',#1075,#1077,#1297,.T.);
#817=EDGE_CURVE('',#1076,#1078,#1298,.T.);
#818=EDGE_CURVE('',#1079,#1078,#1299,.T.);
#819=EDGE_CURVE('',#1077,#1079,#1300,.T.);
#820=EDGE_CURVE('',#1078,#1080,#1301,.T.);
#821=EDGE_CURVE('',#1081,#1080,#1302,.T.);
#822=EDGE_CURVE('',#1079,#1081,#1303,.T.);
#823=EDGE_CURVE('',#1082,#1083,#1304,.T.);
#824=EDGE_CURVE('',#1082,#1084,#1305,.F.);
#825=EDGE_CURVE('',#1084,#1085,#1306,.T.);
#826=EDGE_CURVE('',#1085,#1083,#1307,.T.);
#827=EDGE_CURVE('',#1084,#1086,#37,.F.);
#828=EDGE_CURVE('',#1087,#1082,#38,.F.);
#829=EDGE_CURVE('',#1086,#1087,#1308,.T.);
#830=EDGE_CURVE('',#1088,#1024,#1309,.T.);
#831=EDGE_CURVE('',#1061,#1068,#1310,.T.);
#832=EDGE_CURVE('',#1069,#1070,#1311,.T.);
#833=EDGE_CURVE('',#1081,#1086,#1312,.T.);
#834=EDGE_CURVE('',#1087,#1088,#1313,.T.);
#835=EDGE_CURVE('',#1089,#1090,#1314,.T.);
#836=EDGE_CURVE('',#1025,#1090,#1315,.T.);
#837=EDGE_CURVE('',#1088,#1089,#1316,.T.);
#838=EDGE_CURVE('',#1090,#1091,#1317,.T.);
#839=EDGE_CURVE('',#1091,#1092,#1318,.T.);
#840=EDGE_CURVE('',#1092,#1062,#1319,.T.);
#841=EDGE_CURVE('',#1093,#1094,#1320,.T.);
#842=EDGE_CURVE('',#1092,#1094,#1321,.T.);
#843=EDGE_CURVE('',#1091,#1093,#1322,.T.);
#844=EDGE_CURVE('',#1023,#1095,#1323,.T.);
#845=EDGE_CURVE('',#1094,#1059,#1324,.T.);
#846=EDGE_CURVE('',#1095,#1093,#1325,.T.);
#847=EDGE_CURVE('',#1096,#1022,#1326,.T.);
#848=EDGE_CURVE('',#1095,#1097,#1327,.T.);
#849=EDGE_CURVE('',#1097,#1096,#1328,.T.);
#850=EDGE_CURVE('',#1098,#1099,#1329,.T.);
#851=EDGE_CURVE('',#1098,#1042,#1330,.T.);
#852=EDGE_CURVE('',#1043,#1099,#1331,.T.);
#853=EDGE_CURVE('',#1100,#1101,#1332,.T.);
#854=EDGE_CURVE('',#1101,#1102,#1333,.T.);
#855=EDGE_CURVE('',#1103,#1102,#1334,.T.);
#856=EDGE_CURVE('',#1103,#1100,#1335,.T.);
#857=EDGE_CURVE('',#1104,#1101,#39,.F.);
#858=EDGE_CURVE('',#1105,#1104,#1336,.F.);
#859=EDGE_CURVE('',#1102,#1105,#40,.F.);
#860=EDGE_CURVE('',#1105,#1096,#1337,.T.);
#861=EDGE_CURVE('',#1099,#1104,#1338,.T.);
#862=EDGE_CURVE('',#1057,#1051,#1339,.T.);
#863=EDGE_CURVE('',#1060,#1056,#1340,.T.);
#864=EDGE_CURVE('',#1106,#1107,#41,.T.);
#865=EDGE_CURVE('',#1108,#1106,#1341,.T.);
#866=EDGE_CURVE('',#1108,#1109,#42,.T.);
#867=EDGE_CURVE('',#1109,#1107,#1342,.F.);
#868=EDGE_CURVE('',#1107,#1110,#1343,.T.);
#869=EDGE_CURVE('',#1109,#1111,#1344,.T.);
#870=EDGE_CURVE('',#1111,#1110,#1345,.T.);
#871=EDGE_CURVE('',#1110,#1112,#43,.T.);
#872=EDGE_CURVE('',#1111,#1113,#44,.T.);
#873=EDGE_CURVE('',#1113,#1112,#1346,.F.);
#874=EDGE_CURVE('',#1114,#1115,#1347,.T.);
#875=EDGE_CURVE('',#1114,#1116,#45,.F.);
#876=EDGE_CURVE('',#1116,#1117,#1348,.T.);
#877=EDGE_CURVE('',#1115,#1117,#46,.F.);
#878=EDGE_CURVE('',#1116,#1118,#1349,.T.);
#879=EDGE_CURVE('',#1118,#1119,#1350,.T.);
#880=EDGE_CURVE('',#1117,#1119,#1351,.T.);
#881=EDGE_CURVE('',#1118,#1120,#47,.F.);
#882=EDGE_CURVE('',#1120,#1121,#1352,.T.);
#883=EDGE_CURVE('',#1119,#1121,#48,.F.);
#884=EDGE_CURVE('',#1120,#1114,#1353,.T.);
#885=EDGE_CURVE('',#1121,#1115,#1354,.T.);
#886=EDGE_CURVE('',#1122,#1123,#1355,.T.);
#887=EDGE_CURVE('',#1032,#1122,#1356,.T.);
#888=EDGE_CURVE('',#1033,#1123,#1357,.T.);
#889=EDGE_CURVE('',#1124,#1122,#1358,.T.);
#890=EDGE_CURVE('',#1124,#1026,#1359,.T.);
#891=EDGE_CURVE('',#1125,#1124,#1360,.T.);
#892=EDGE_CURVE('',#1125,#1028,#1361,.T.);
#893=EDGE_CURVE('',#1125,#1123,#1362,.T.);
#894=EDGE_CURVE('',#1050,#1126,#1363,.T.);
#895=EDGE_CURVE('',#1127,#1098,#1364,.T.);
#896=EDGE_CURVE('',#1126,#1127,#1365,.T.);
#897=EDGE_CURVE('',#1128,#1126,#1366,.T.);
#898=EDGE_CURVE('',#1128,#1055,#1367,.T.);
#899=EDGE_CURVE('',#1052,#1129,#1368,.T.);
#900=EDGE_CURVE('',#1129,#1128,#1369,.T.);
#901=EDGE_CURVE('',#1129,#1130,#1370,.T.);
#902=EDGE_CURVE('',#1130,#1058,#1371,.T.);
#903=EDGE_CURVE('',#1131,#1130,#1372,.T.);
#904=EDGE_CURVE('',#1059,#1131,#1373,.T.);
#905=EDGE_CURVE('',#1132,#1131,#1374,.T.);
#906=EDGE_CURVE('',#1062,#1132,#1375,.T.);
#907=EDGE_CURVE('',#1132,#1133,#1376,.T.);
#908=EDGE_CURVE('',#1063,#1133,#1377,.T.);
#909=EDGE_CURVE('',#1134,#1133,#1378,.T.);
#910=EDGE_CURVE('',#1134,#1067,#1379,.T.);
#911=EDGE_CURVE('',#1135,#1134,#1380,.T.);
#912=EDGE_CURVE('',#1065,#1135,#1381,.T.);
#913=EDGE_CURVE('',#1135,#1136,#1382,.T.);
#914=EDGE_CURVE('',#1136,#1071,#1383,.T.);
#915=EDGE_CURVE('',#1080,#1137,#1384,.T.);
#916=EDGE_CURVE('',#1136,#1137,#1385,.T.);
#917=EDGE_CURVE('',#1138,#1137,#1386,.T.);
#918=EDGE_CURVE('',#1138,#1085,#1387,.T.);
#919=EDGE_CURVE('',#1139,#1138,#1388,.T.);
#920=EDGE_CURVE('',#1083,#1139,#1389,.T.);
#921=EDGE_CURVE('',#1139,#1140,#1390,.T.);
#922=EDGE_CURVE('',#1140,#1089,#1391,.T.);
#923=EDGE_CURVE('',#1140,#1141,#1392,.T.);
#924=EDGE_CURVE('',#1141,#1090,#1393,.T.);
#925=EDGE_CURVE('',#1142,#1095,#1394,.T.);
#926=EDGE_CURVE('',#1141,#1142,#1395,.T.);
#927=EDGE_CURVE('',#1143,#1142,#1396,.T.);
#928=EDGE_CURVE('',#1097,#1143,#1397,.T.);
#929=EDGE_CURVE('',#1144,#1143,#1398,.T.);
#930=EDGE_CURVE('',#1144,#1103,#1399,.T.);
#931=EDGE_CURVE('',#1100,#1145,#1400,.T.);
#932=EDGE_CURVE('',#1145,#1144,#1401,.T.);
#933=EDGE_CURVE('',#1145,#1127,#1402,.T.);
#934=EDGE_CURVE('',#1146,#1147,#1403,.T.);
#935=EDGE_CURVE('',#1112,#1146,#1404,.T.);
#936=EDGE_CURVE('',#1113,#1147,#1405,.T.);
#937=EDGE_CURVE('',#1148,#1146,#1406,.T.);
#938=EDGE_CURVE('',#1148,#1106,#1407,.T.);
#939=EDGE_CURVE('',#1149,#1148,#1408,.T.);
#940=EDGE_CURVE('',#1149,#1108,#1409,.T.);
#941=EDGE_CURVE('',#1149,#1147,#1410,.T.);
#942=EDGE_CURVE('',#1150,#1151,#1411,.T.);
#943=EDGE_CURVE('',#1151,#1152,#1412,.T.);
#944=EDGE_CURVE('',#1153,#1152,#1413,.T.);
#945=EDGE_CURVE('',#1153,#1150,#1414,.T.);
#946=EDGE_CURVE('',#1154,#1155,#1415,.T.);
#947=EDGE_CURVE('',#1156,#1154,#1416,.F.);
#948=EDGE_CURVE('',#1156,#1157,#1417,.T.);
#949=EDGE_CURVE('',#1157,#1155,#1418,.T.);
#950=EDGE_CURVE('',#1155,#1158,#49,.T.);
#951=EDGE_CURVE('',#1157,#1159,#50,.T.);
#952=EDGE_CURVE('',#1159,#1158,#1419,.F.);
#953=EDGE_CURVE('',#1160,#1154,#51,.T.);
#954=EDGE_CURVE('',#1161,#1160,#1420,.T.);
#955=EDGE_CURVE('',#1161,#1156,#52,.T.);
#956=EDGE_CURVE('',#1158,#1151,#1421,.T.);
#957=EDGE_CURVE('',#1159,#1152,#1422,.T.);
#958=EDGE_CURVE('',#1162,#1163,#53,.F.);
#959=EDGE_CURVE('',#1163,#1164,#1423,.T.);
#960=EDGE_CURVE('',#1164,#1165,#54,.F.);
#961=EDGE_CURVE('',#1165,#1162,#1424,.T.);
#962=EDGE_CURVE('',#1150,#1160,#1425,.T.);
#963=EDGE_CURVE('',#1166,#1163,#1426,.T.);
#964=EDGE_CURVE('',#1166,#1167,#1427,.T.);
#965=EDGE_CURVE('',#1167,#1164,#1428,.T.);
#966=EDGE_CURVE('',#1167,#1168,#55,.F.);
#967=EDGE_CURVE('',#1168,#1165,#1429,.T.);
#968=EDGE_CURVE('',#1168,#1169,#1430,.T.);
#969=EDGE_CURVE('',#1169,#1162,#1431,.T.);
#970=EDGE_CURVE('',#1169,#1166,#56,.F.);
#971=EDGE_CURVE('',#1153,#1161,#1432,.T.);
#972=VERTEX_POINT('',#3573);
#973=VERTEX_POINT('',#3574);
#974=VERTEX_POINT('',#3576);
#975=VERTEX_POINT('',#3578);
#976=VERTEX_POINT('',#3582);
#977=VERTEX_POINT('',#3584);
#978=VERTEX_POINT('',#3588);
#979=VERTEX_POINT('',#3590);
#980=VERTEX_POINT('',#3594);
#981=VERTEX_POINT('',#3596);
#982=VERTEX_POINT('',#3600);
#983=VERTEX_POINT('',#3601);
#984=VERTEX_POINT('',#3606);
#985=VERTEX_POINT('',#3607);
#986=VERTEX_POINT('',#3612);
#987=VERTEX_POINT('',#3614);
#988=VERTEX_POINT('',#3618);
#989=VERTEX_POINT('',#3622);
#990=VERTEX_POINT('',#3628);
#991=VERTEX_POINT('',#3629);
#992=VERTEX_POINT('',#3631);
#993=VERTEX_POINT('',#3633);
#994=VERTEX_POINT('',#3637);
#995=VERTEX_POINT('',#3638);
#996=VERTEX_POINT('',#3643);
#997=VERTEX_POINT('',#3647);
#998=VERTEX_POINT('',#3653);
#999=VERTEX_POINT('',#3654);
#1000=VERTEX_POINT('',#3656);
#1001=VERTEX_POINT('',#3658);
#1002=VERTEX_POINT('',#3662);
#1003=VERTEX_POINT('',#3664);
#1004=VERTEX_POINT('',#3668);
#1005=VERTEX_POINT('',#3669);
#1006=VERTEX_POINT('',#3671);
#1007=VERTEX_POINT('',#3673);
#1008=VERTEX_POINT('',#3677);
#1009=VERTEX_POINT('',#3678);
#1010=VERTEX_POINT('',#3683);
#1011=VERTEX_POINT('',#3684);
#1012=VERTEX_POINT('',#3692);
#1013=VERTEX_POINT('',#3693);
#1014=VERTEX_POINT('',#3695);
#1015=VERTEX_POINT('',#3697);
#1016=VERTEX_POINT('',#3701);
#1017=VERTEX_POINT('',#3703);
#1018=VERTEX_POINT('',#3707);
#1019=VERTEX_POINT('',#3709);
#1020=VERTEX_POINT('',#3712);
#1021=VERTEX_POINT('',#3714);
#1022=VERTEX_POINT('',#3718);
#1023=VERTEX_POINT('',#3719);
#1024=VERTEX_POINT('',#3722);
#1025=VERTEX_POINT('',#3724);
#1026=VERTEX_POINT('',#3729);
#1027=VERTEX_POINT('',#3730);
#1028=VERTEX_POINT('',#3732);
#1029=VERTEX_POINT('',#3734);
#1030=VERTEX_POINT('',#3738);
#1031=VERTEX_POINT('',#3740);
#1032=VERTEX_POINT('',#3744);
#1033=VERTEX_POINT('',#3746);
#1034=VERTEX_POINT('',#3750);
#1035=VERTEX_POINT('',#3751);
#1036=VERTEX_POINT('',#3753);
#1037=VERTEX_POINT('',#3755);
#1038=VERTEX_POINT('',#3759);
#1039=VERTEX_POINT('',#3761);
#1040=VERTEX_POINT('',#3765);
#1041=VERTEX_POINT('',#3767);
#1042=VERTEX_POINT('',#3774);
#1043=VERTEX_POINT('',#3775);
#1044=VERTEX_POINT('',#3777);
#1045=VERTEX_POINT('',#3779);
#1046=VERTEX_POINT('',#3783);
#1047=VERTEX_POINT('',#3785);
#1048=VERTEX_POINT('',#3789);
#1049=VERTEX_POINT('',#3791);
#1050=VERTEX_POINT('',#3795);
#1051=VERTEX_POINT('',#3797);
#1052=VERTEX_POINT('',#3801);
#1053=VERTEX_POINT('',#3802);
#1054=VERTEX_POINT('',#3804);
#1055=VERTEX_POINT('',#3806);
#1056=VERTEX_POINT('',#3810);
#1057=VERTEX_POINT('',#3812);
#1058=VERTEX_POINT('',#3816);
#1059=VERTEX_POINT('',#3817);
#1060=VERTEX_POINT('',#3820);
#1061=VERTEX_POINT('',#3824);
#1062=VERTEX_POINT('',#3826);
#1063=VERTEX_POINT('',#3828);
#1064=VERTEX_POINT('',#3832);
#1065=VERTEX_POINT('',#3833);
#1066=VERTEX_POINT('',#3835);
#1067=VERTEX_POINT('',#3837);
#1068=VERTEX_POINT('',#3841);
#1069=VERTEX_POINT('',#3843);
#1070=VERTEX_POINT('',#3847);
#1071=VERTEX_POINT('',#3848);
#1072=VERTEX_POINT('',#3850);
#1073=VERTEX_POINT('',#3852);
#1074=VERTEX_POINT('',#3856);
#1075=VERTEX_POINT('',#3858);
#1076=VERTEX_POINT('',#3862);
#1077=VERTEX_POINT('',#3864);
#1078=VERTEX_POINT('',#3868);
#1079=VERTEX_POINT('',#3870);
#1080=VERTEX_POINT('',#3874);
#1081=VERTEX_POINT('',#3876);
#1082=VERTEX_POINT('',#3880);
#1083=VERTEX_POINT('',#3881);
#1084=VERTEX_POINT('',#3883);
#1085=VERTEX_POINT('',#3885);
#1086=VERTEX_POINT('',#3889);
#1087=VERTEX_POINT('',#3891);
#1088=VERTEX_POINT('',#3895);
#1089=VERTEX_POINT('',#3902);
#1090=VERTEX_POINT('',#3903);
#1091=VERTEX_POINT('',#3908);
#1092=VERTEX_POINT('',#3910);
#1093=VERTEX_POINT('',#3914);
#1094=VERTEX_POINT('',#3915);
#1095=VERTEX_POINT('',#3920);
#1096=VERTEX_POINT('',#3925);
#1097=VERTEX_POINT('',#3927);
#1098=VERTEX_POINT('',#3931);
#1099=VERTEX_POINT('',#3932);
#1100=VERTEX_POINT('',#3937);
#1101=VERTEX_POINT('',#3938);
#1102=VERTEX_POINT('',#3940);
#1103=VERTEX_POINT('',#3942);
#1104=VERTEX_POINT('',#3946);
#1105=VERTEX_POINT('',#3948);
#1106=VERTEX_POINT('',#3957);
#1107=VERTEX_POINT('',#3958);
#1108=VERTEX_POINT('',#3960);
#1109=VERTEX_POINT('',#3962);
#1110=VERTEX_POINT('',#3966);
#1111=VERTEX_POINT('',#3968);
#1112=VERTEX_POINT('',#3972);
#1113=VERTEX_POINT('',#3974);
#1114=VERTEX_POINT('',#3978);
#1115=VERTEX_POINT('',#3979);
#1116=VERTEX_POINT('',#3981);
#1117=VERTEX_POINT('',#3983);
#1118=VERTEX_POINT('',#3987);
#1119=VERTEX_POINT('',#3989);
#1120=VERTEX_POINT('',#3993);
#1121=VERTEX_POINT('',#3995);
#1122=VERTEX_POINT('',#4002);
#1123=VERTEX_POINT('',#4003);
#1124=VERTEX_POINT('',#4008);
#1125=VERTEX_POINT('',#4012);
#1126=VERTEX_POINT('',#4018);
#1127=VERTEX_POINT('',#4020);
#1128=VERTEX_POINT('',#4024);
#1129=VERTEX_POINT('',#4028);
#1130=VERTEX_POINT('',#4032);
#1131=VERTEX_POINT('',#4036);
#1132=VERTEX_POINT('',#4040);
#1133=VERTEX_POINT('',#4044);
#1134=VERTEX_POINT('',#4048);
#1135=VERTEX_POINT('',#4052);
#1136=VERTEX_POINT('',#4056);
#1137=VERTEX_POINT('',#4060);
#1138=VERTEX_POINT('',#4064);
#1139=VERTEX_POINT('',#4068);
#1140=VERTEX_POINT('',#4072);
#1141=VERTEX_POINT('',#4076);
#1142=VERTEX_POINT('',#4080);
#1143=VERTEX_POINT('',#4084);
#1144=VERTEX_POINT('',#4088);
#1145=VERTEX_POINT('',#4092);
#1146=VERTEX_POINT('',#4098);
#1147=VERTEX_POINT('',#4099);
#1148=VERTEX_POINT('',#4104);
#1149=VERTEX_POINT('',#4108);
#1150=VERTEX_POINT('',#4114);
#1151=VERTEX_POINT('',#4115);
#1152=VERTEX_POINT('',#4117);
#1153=VERTEX_POINT('',#4119);
#1154=VERTEX_POINT('',#4123);
#1155=VERTEX_POINT('',#4124);
#1156=VERTEX_POINT('',#4126);
#1157=VERTEX_POINT('',#4128);
#1158=VERTEX_POINT('',#4132);
#1159=VERTEX_POINT('',#4134);
#1160=VERTEX_POINT('',#4138);
#1161=VERTEX_POINT('',#4140);
#1162=VERTEX_POINT('',#4147);
#1163=VERTEX_POINT('',#4148);
#1164=VERTEX_POINT('',#4150);
#1165=VERTEX_POINT('',#4152);
#1166=VERTEX_POINT('',#4157);
#1167=VERTEX_POINT('',#4159);
#1168=VERTEX_POINT('',#4163);
#1169=VERTEX_POINT('',#4167);
#1170=LINE('',#3572,#1433);
#1171=LINE('',#3575,#1434);
#1172=LINE('',#3577,#1435);
#1173=LINE('',#3579,#1436);
#1174=LINE('',#3581,#1437);
#1175=LINE('',#3583,#1438);
#1176=LINE('',#3585,#1439);
#1177=LINE('',#3587,#1440);
#1178=LINE('',#3589,#1441);
#1179=LINE('',#3591,#1442);
#1180=LINE('',#3593,#1443);
#1181=LINE('',#3595,#1444);
#1182=LINE('',#3597,#1445);
#1183=LINE('',#3599,#1446);
#1184=LINE('',#3602,#1447);
#1185=LINE('',#3603,#1448);
#1186=LINE('',#3605,#1449);
#1187=LINE('',#3608,#1450);
#1188=LINE('',#3609,#1451);
#1189=LINE('',#3611,#1452);
#1190=LINE('',#3613,#1453);
#1191=LINE('',#3615,#1454);
#1192=LINE('',#3617,#1455);
#1193=LINE('',#3619,#1456);
#1194=LINE('',#3621,#1457);
#1195=LINE('',#3623,#1458);
#1196=LINE('',#3625,#1459);
#1197=LINE('',#3627,#1460);
#1198=LINE('',#3630,#1461);
#1199=LINE('',#3632,#1462);
#1200=LINE('',#3634,#1463);
#1201=LINE('',#3636,#1464);
#1202=LINE('',#3639,#1465);
#1203=LINE('',#3640,#1466);
#1204=LINE('',#3642,#1467);
#1205=LINE('',#3644,#1468);
#1206=LINE('',#3646,#1469);
#1207=LINE('',#3648,#1470);
#1208=LINE('',#3650,#1471);
#1209=LINE('',#3652,#1472);
#1210=LINE('',#3655,#1473);
#1211=LINE('',#3657,#1474);
#1212=LINE('',#3659,#1475);
#1213=LINE('',#3665,#1476);
#1214=LINE('',#3667,#1477);
#1215=LINE('',#3670,#1478);
#1216=LINE('',#3672,#1479);
#1217=LINE('',#3674,#1480);
#1218=LINE('',#3676,#1481);
#1219=LINE('',#3679,#1482);
#1220=LINE('',#3680,#1483);
#1221=LINE('',#3682,#1484);
#1222=LINE('',#3685,#1485);
#1223=LINE('',#3686,#1486);
#1224=LINE('',#3688,#1487);
#1225=LINE('',#3689,#1488);
#1226=LINE('',#3691,#1489);
#1227=LINE('',#3694,#1490);
#1228=LINE('',#3696,#1491);
#1229=LINE('',#3698,#1492);
#1230=LINE('',#3702,#1493);
#1231=LINE('',#3706,#1494);
#1232=LINE('',#3708,#1495);
#1233=LINE('',#3710,#1496);
#1234=LINE('',#3711,#1497);
#1235=LINE('',#3713,#1498);
#1236=LINE('',#3715,#1499);
#1237=LINE('',#3717,#1500);
#1238=LINE('',#3720,#1501);
#1239=LINE('',#3721,#1502);
#1240=LINE('',#3723,#1503);
#1241=LINE('',#3725,#1504);
#1242=LINE('',#3726,#1505);
#1243=LINE('',#3731,#1506);
#1244=LINE('',#3735,#1507);
#1245=LINE('',#3737,#1508);
#1246=LINE('',#3739,#1509);
#1247=LINE('',#3741,#1510);
#1248=LINE('',#3747,#1511);
#1249=LINE('',#3749,#1512);
#1250=LINE('',#3754,#1513);
#1251=LINE('',#3758,#1514);
#1252=LINE('',#3760,#1515);
#1253=LINE('',#3762,#1516);
#1254=LINE('',#3766,#1517);
#1255=LINE('',#3770,#1518);
#1256=LINE('',#3771,#1519);
#1257=LINE('',#3773,#1520);
#1258=LINE('',#3776,#1521);
#1259=LINE('',#3778,#1522);
#1260=LINE('',#3780,#1523);
#1261=LINE('',#3782,#1524);
#1262=LINE('',#3784,#1525);
#1263=LINE('',#3786,#1526);
#1264=LINE('',#3788,#1527);
#1265=LINE('',#3790,#1528);
#1266=LINE('',#3792,#1529);
#1267=LINE('',#3794,#1530);
#1268=LINE('',#3796,#1531);
#1269=LINE('',#3798,#1532);
#1270=LINE('',#3800,#1533);
#1271=LINE('',#3803,#1534);
#1272=LINE('',#3805,#1535);
#1273=LINE('',#3807,#1536);
#1274=LINE('',#3811,#1537);
#1275=LINE('',#3815,#1538);
#1276=LINE('',#3818,#1539);
#1277=LINE('',#3819,#1540);
#1278=LINE('',#3821,#1541);
#1279=LINE('',#3823,#1542);
#1280=LINE('',#3825,#1543);
#1281=LINE('',#3827,#1544);
#1282=LINE('',#3829,#1545);
#1283=LINE('',#3831,#1546);
#1284=LINE('',#3834,#1547);
#1285=LINE('',#3836,#1548);
#1286=LINE('',#3838,#1549);
#1287=LINE('',#3844,#1550);
#1288=LINE('',#3846,#1551);
#1289=LINE('',#3849,#1552);
#1290=LINE('',#3851,#1553);
#1291=LINE('',#3853,#1554);
#1292=LINE('',#3855,#1555);
#1293=LINE('',#3857,#1556);
#1294=LINE('',#3859,#1557);
#1295=LINE('',#3861,#1558);
#1296=LINE('',#3863,#1559);
#1297=LINE('',#3865,#1560);
#1298=LINE('',#3867,#1561);
#1299=LINE('',#3869,#1562);
#1300=LINE('',#3871,#1563);
#1301=LINE('',#3873,#1564);
#1302=LINE('',#3875,#1565);
#1303=LINE('',#3877,#1566);
#1304=LINE('',#3879,#1567);
#1305=LINE('',#3882,#1568);
#1306=LINE('',#3884,#1569);
#1307=LINE('',#3886,#1570);
#1308=LINE('',#3892,#1571);
#1309=LINE('',#3894,#1572);
#1310=LINE('',#3896,#1573);
#1311=LINE('',#3897,#1574);
#1312=LINE('',#3898,#1575);
#1313=LINE('',#3899,#1576);
#1314=LINE('',#3901,#1577);
#1315=LINE('',#3904,#1578);
#1316=LINE('',#3905,#1579);
#1317=LINE('',#3907,#1580);
#1318=LINE('',#3909,#1581);
#1319=LINE('',#3911,#1582);
#1320=LINE('',#3913,#1583);
#1321=LINE('',#3916,#1584);
#1322=LINE('',#3917,#1585);
#1323=LINE('',#3919,#1586);
#1324=LINE('',#3921,#1587);
#1325=LINE('',#3922,#1588);
#1326=LINE('',#3924,#1589);
#1327=LINE('',#3926,#1590);
#1328=LINE('',#3928,#1591);
#1329=LINE('',#3930,#1592);
#1330=LINE('',#3933,#1593);
#1331=LINE('',#3934,#1594);
#1332=LINE('',#3936,#1595);
#1333=LINE('',#3939,#1596);
#1334=LINE('',#3941,#1597);
#1335=LINE('',#3943,#1598);
#1336=LINE('',#3947,#1599);
#1337=LINE('',#3951,#1600);
#1338=LINE('',#3952,#1601);
#1339=LINE('',#3953,#1602);
#1340=LINE('',#3954,#1603);
#1341=LINE('',#3959,#1604);
#1342=LINE('',#3963,#1605);
#1343=LINE('',#3965,#1606);
#1344=LINE('',#3967,#1607);
#1345=LINE('',#3969,#1608);
#1346=LINE('',#3975,#1609);
#1347=LINE('',#3977,#1610);
#1348=LINE('',#3982,#1611);
#1349=LINE('',#3986,#1612);
#1350=LINE('',#3988,#1613);
#1351=LINE('',#3990,#1614);
#1352=LINE('',#3994,#1615);
#1353=LINE('',#3998,#1616);
#1354=LINE('',#3999,#1617);
#1355=LINE('',#4001,#1618);
#1356=LINE('',#4004,#1619);
#1357=LINE('',#4005,#1620);
#1358=LINE('',#4007,#1621);
#1359=LINE('',#4009,#1622);
#1360=LINE('',#4011,#1623);
#1361=LINE('',#4013,#1624);
#1362=LINE('',#4015,#1625);
#1363=LINE('',#4017,#1626);
#1364=LINE('',#4019,#1627);
#1365=LINE('',#4021,#1628);
#1366=LINE('',#4023,#1629);
#1367=LINE('',#4025,#1630);
#1368=LINE('',#4027,#1631);
#1369=LINE('',#4029,#1632);
#1370=LINE('',#4031,#1633);
#1371=LINE('',#4033,#1634);
#1372=LINE('',#4035,#1635);
#1373=LINE('',#4037,#1636);
#1374=LINE('',#4039,#1637);
#1375=LINE('',#4041,#1638);
#1376=LINE('',#4043,#1639);
#1377=LINE('',#4045,#1640);
#1378=LINE('',#4047,#1641);
#1379=LINE('',#4049,#1642);
#1380=LINE('',#4051,#1643);
#1381=LINE('',#4053,#1644);
#1382=LINE('',#4055,#1645);
#1383=LINE('',#4057,#1646);
#1384=LINE('',#4059,#1647);
#1385=LINE('',#4061,#1648);
#1386=LINE('',#4063,#1649);
#1387=LINE('',#4065,#1650);
#1388=LINE('',#4067,#1651);
#1389=LINE('',#4069,#1652);
#1390=LINE('',#4071,#1653);
#1391=LINE('',#4073,#1654);
#1392=LINE('',#4075,#1655);
#1393=LINE('',#4077,#1656);
#1394=LINE('',#4079,#1657);
#1395=LINE('',#4081,#1658);
#1396=LINE('',#4083,#1659);
#1397=LINE('',#4085,#1660);
#1398=LINE('',#4087,#1661);
#1399=LINE('',#4089,#1662);
#1400=LINE('',#4091,#1663);
#1401=LINE('',#4093,#1664);
#1402=LINE('',#4095,#1665);
#1403=LINE('',#4097,#1666);
#1404=LINE('',#4100,#1667);
#1405=LINE('',#4101,#1668);
#1406=LINE('',#4103,#1669);
#1407=LINE('',#4105,#1670);
#1408=LINE('',#4107,#1671);
#1409=LINE('',#4109,#1672);
#1410=LINE('',#4111,#1673);
#1411=LINE('',#4113,#1674);
#1412=LINE('',#4116,#1675);
#1413=LINE('',#4118,#1676);
#1414=LINE('',#4120,#1677);
#1415=LINE('',#4122,#1678);
#1416=LINE('',#4125,#1679);
#1417=LINE('',#4127,#1680);
#1418=LINE('',#4129,#1681);
#1419=LINE('',#4135,#1682);
#1420=LINE('',#4139,#1683);
#1421=LINE('',#4143,#1684);
#1422=LINE('',#4144,#1685);
#1423=LINE('',#4149,#1686);
#1424=LINE('',#4153,#1687);
#1425=LINE('',#4154,#1688);
#1426=LINE('',#4156,#1689);
#1427=LINE('',#4158,#1690);
#1428=LINE('',#4160,#1691);
#1429=LINE('',#4164,#1692);
#1430=LINE('',#4166,#1693);
#1431=LINE('',#4168,#1694);
#1432=LINE('',#4172,#1695);
#1433=VECTOR('',#3025,1000.);
#1434=VECTOR('',#3026,1000.);
#1435=VECTOR('',#3027,1000.);
#1436=VECTOR('',#3028,1000.);
#1437=VECTOR('',#3031,1000.);
#1438=VECTOR('',#3032,1000.);
#1439=VECTOR('',#3033,1000.);
#1440=VECTOR('',#3036,1000.);
#1441=VECTOR('',#3037,1000.);
#1442=VECTOR('',#3038,1000.);
#1443=VECTOR('',#3041,1000.);
#1444=VECTOR('',#3042,1000.);
#1445=VECTOR('',#3043,1000.);
#1446=VECTOR('',#3046,1000.);
#1447=VECTOR('',#3047,1000.);
#1448=VECTOR('',#3048,1000.);
#1449=VECTOR('',#3051,1000.);
#1450=VECTOR('',#3052,1000.);
#1451=VECTOR('',#3053,1000.);
#1452=VECTOR('',#3056,1000.);
#1453=VECTOR('',#3057,1000.);
#1454=VECTOR('',#3058,1000.);
#1455=VECTOR('',#3061,1000.);
#1456=VECTOR('',#3062,1000.);
#1457=VECTOR('',#3065,1000.);
#1458=VECTOR('',#3066,1000.);
#1459=VECTOR('',#3069,1000.);
#1460=VECTOR('',#3072,1000.);
#1461=VECTOR('',#3073,1000.);
#1462=VECTOR('',#3074,1000.);
#1463=VECTOR('',#3075,1000.);
#1464=VECTOR('',#3078,1000.);
#1465=VECTOR('',#3079,1000.);
#1466=VECTOR('',#3080,1000.);
#1467=VECTOR('',#3083,1000.);
#1468=VECTOR('',#3084,1000.);
#1469=VECTOR('',#3087,1000.);
#1470=VECTOR('',#3088,1000.);
#1471=VECTOR('',#3091,1000.);
#1472=VECTOR('',#3094,1000.);
#1473=VECTOR('',#3095,1000.);
#1474=VECTOR('',#3096,1000.);
#1475=VECTOR('',#3097,1000.);
#1476=VECTOR('',#3104,1000.);
#1477=VECTOR('',#3107,1000.);
#1478=VECTOR('',#3108,1000.);
#1479=VECTOR('',#3109,1000.);
#1480=VECTOR('',#3110,1000.);
#1481=VECTOR('',#3113,1000.);
#1482=VECTOR('',#3114,1000.);
#1483=VECTOR('',#3115,1000.);
#1484=VECTOR('',#3118,1000.);
#1485=VECTOR('',#3119,1000.);
#1486=VECTOR('',#3120,1000.);
#1487=VECTOR('',#3123,1000.);
#1488=VECTOR('',#3124,1000.);
#1489=VECTOR('',#3127,1000.);
#1490=VECTOR('',#3128,1000.);
#1491=VECTOR('',#3129,1000.);
#1492=VECTOR('',#3130,1000.);
#1493=VECTOR('',#3135,1000.);
#1494=VECTOR('',#3140,1000.);
#1495=VECTOR('',#3141,1000.);
#1496=VECTOR('',#3142,1000.);
#1497=VECTOR('',#3143,1000.);
#1498=VECTOR('',#3144,1000.);
#1499=VECTOR('',#3145,1000.);
#1500=VECTOR('',#3148,1000.);
#1501=VECTOR('',#3149,1000.);
#1502=VECTOR('',#3150,1000.);
#1503=VECTOR('',#3151,1000.);
#1504=VECTOR('',#3152,1000.);
#1505=VECTOR('',#3153,1000.);
#1506=VECTOR('',#3158,1000.);
#1507=VECTOR('',#3161,1000.);
#1508=VECTOR('',#3164,1000.);
#1509=VECTOR('',#3165,1000.);
#1510=VECTOR('',#3166,1000.);
#1511=VECTOR('',#3173,1000.);
#1512=VECTOR('',#3176,1000.);
#1513=VECTOR('',#3179,1000.);
#1514=VECTOR('',#3184,1000.);
#1515=VECTOR('',#3185,1000.);
#1516=VECTOR('',#3186,1000.);
#1517=VECTOR('',#3191,1000.);
#1518=VECTOR('',#3196,1000.);
#1519=VECTOR('',#3197,1000.);
#1520=VECTOR('',#3200,1000.);
#1521=VECTOR('',#3201,1000.);
#1522=VECTOR('',#3202,1000.);
#1523=VECTOR('',#3203,1000.);
#1524=VECTOR('',#3206,1000.);
#1525=VECTOR('',#3207,1000.);
#1526=VECTOR('',#3208,1000.);
#1527=VECTOR('',#3211,1000.);
#1528=VECTOR('',#3212,1000.);
#1529=VECTOR('',#3213,1000.);
#1530=VECTOR('',#3216,1000.);
#1531=VECTOR('',#3217,1000.);
#1532=VECTOR('',#3218,1000.);
#1533=VECTOR('',#3221,1000.);
#1534=VECTOR('',#3222,1000.);
#1535=VECTOR('',#3223,1000.);
#1536=VECTOR('',#3224,1000.);
#1537=VECTOR('',#3229,1000.);
#1538=VECTOR('',#3234,1000.);
#1539=VECTOR('',#3235,1000.);
#1540=VECTOR('',#3236,1000.);
#1541=VECTOR('',#3237,1000.);
#1542=VECTOR('',#3240,1000.);
#1543=VECTOR('',#3241,1000.);
#1544=VECTOR('',#3242,1000.);
#1545=VECTOR('',#3243,1000.);
#1546=VECTOR('',#3246,1000.);
#1547=VECTOR('',#3247,1000.);
#1548=VECTOR('',#3248,1000.);
#1549=VECTOR('',#3249,1000.);
#1550=VECTOR('',#3256,1000.);
#1551=VECTOR('',#3259,1000.);
#1552=VECTOR('',#3260,1000.);
#1553=VECTOR('',#3261,1000.);
#1554=VECTOR('',#3262,1000.);
#1555=VECTOR('',#3265,1000.);
#1556=VECTOR('',#3266,1000.);
#1557=VECTOR('',#3267,1000.);
#1558=VECTOR('',#3270,1000.);
#1559=VECTOR('',#3271,1000.);
#1560=VECTOR('',#3272,1000.);
#1561=VECTOR('',#3275,1000.);
#1562=VECTOR('',#3276,1000.);
#1563=VECTOR('',#3277,1000.);
#1564=VECTOR('',#3280,1000.);
#1565=VECTOR('',#3281,1000.);
#1566=VECTOR('',#3282,1000.);
#1567=VECTOR('',#3285,1000.);
#1568=VECTOR('',#3286,1000.);
#1569=VECTOR('',#3287,1000.);
#1570=VECTOR('',#3288,1000.);
#1571=VECTOR('',#3295,1000.);
#1572=VECTOR('',#3298,1000.);
#1573=VECTOR('',#3299,1000.);
#1574=VECTOR('',#3300,1000.);
#1575=VECTOR('',#3301,1000.);
#1576=VECTOR('',#3302,1000.);
#1577=VECTOR('',#3305,1000.);
#1578=VECTOR('',#3306,1000.);
#1579=VECTOR('',#3307,1000.);
#1580=VECTOR('',#3310,1000.);
#1581=VECTOR('',#3311,1000.);
#1582=VECTOR('',#3312,1000.);
#1583=VECTOR('',#3315,1000.);
#1584=VECTOR('',#3316,1000.);
#1585=VECTOR('',#3317,1000.);
#1586=VECTOR('',#3320,1000.);
#1587=VECTOR('',#3321,1000.);
#1588=VECTOR('',#3322,1000.);
#1589=VECTOR('',#3325,1000.);
#1590=VECTOR('',#3326,1000.);
#1591=VECTOR('',#3327,1000.);
#1592=VECTOR('',#3330,1000.);
#1593=VECTOR('',#3331,1000.);
#1594=VECTOR('',#3332,1000.);
#1595=VECTOR('',#3335,1000.);
#1596=VECTOR('',#3336,1000.);
#1597=VECTOR('',#3337,1000.);
#1598=VECTOR('',#3338,1000.);
#1599=VECTOR('',#3343,1000.);
#1600=VECTOR('',#3348,1000.);
#1601=VECTOR('',#3349,1000.);
#1602=VECTOR('',#3350,1000.);
#1603=VECTOR('',#3351,1000.);
#1604=VECTOR('',#3356,1000.);
#1605=VECTOR('',#3359,1000.);
#1606=VECTOR('',#3362,1000.);
#1607=VECTOR('',#3363,1000.);
#1608=VECTOR('',#3364,1000.);
#1609=VECTOR('',#3371,1000.);
#1610=VECTOR('',#3374,1000.);
#1611=VECTOR('',#3377,1000.);
#1612=VECTOR('',#3382,1000.);
#1613=VECTOR('',#3383,1000.);
#1614=VECTOR('',#3384,1000.);
#1615=VECTOR('',#3389,1000.);
#1616=VECTOR('',#3394,1000.);
#1617=VECTOR('',#3395,1000.);
#1618=VECTOR('',#3398,1000.);
#1619=VECTOR('',#3399,1000.);
#1620=VECTOR('',#3400,1000.);
#1621=VECTOR('',#3403,1000.);
#1622=VECTOR('',#3404,1000.);
#1623=VECTOR('',#3407,1000.);
#1624=VECTOR('',#3408,1000.);
#1625=VECTOR('',#3411,1000.);
#1626=VECTOR('',#3414,1000.);
#1627=VECTOR('',#3415,1000.);
#1628=VECTOR('',#3416,1000.);
#1629=VECTOR('',#3419,1000.);
#1630=VECTOR('',#3420,1000.);
#1631=VECTOR('',#3423,1000.);
#1632=VECTOR('',#3424,1000.);
#1633=VECTOR('',#3427,1000.);
#1634=VECTOR('',#3428,1000.);
#1635=VECTOR('',#3431,1000.);
#1636=VECTOR('',#3432,1000.);
#1637=VECTOR('',#3435,1000.);
#1638=VECTOR('',#3436,1000.);
#1639=VECTOR('',#3439,1000.);
#1640=VECTOR('',#3440,1000.);
#1641=VECTOR('',#3443,1000.);
#1642=VECTOR('',#3444,1000.);
#1643=VECTOR('',#3447,1000.);
#1644=VECTOR('',#3448,1000.);
#1645=VECTOR('',#3451,1000.);
#1646=VECTOR('',#3452,1000.);
#1647=VECTOR('',#3455,1000.);
#1648=VECTOR('',#3456,1000.);
#1649=VECTOR('',#3459,1000.);
#1650=VECTOR('',#3460,1000.);
#1651=VECTOR('',#3463,1000.);
#1652=VECTOR('',#3464,1000.);
#1653=VECTOR('',#3467,1000.);
#1654=VECTOR('',#3468,1000.);
#1655=VECTOR('',#3471,1000.);
#1656=VECTOR('',#3472,1000.);
#1657=VECTOR('',#3475,1000.);
#1658=VECTOR('',#3476,1000.);
#1659=VECTOR('',#3479,1000.);
#1660=VECTOR('',#3480,1000.);
#1661=VECTOR('',#3483,1000.);
#1662=VECTOR('',#3484,1000.);
#1663=VECTOR('',#3487,1000.);
#1664=VECTOR('',#3488,1000.);
#1665=VECTOR('',#3491,1000.);
#1666=VECTOR('',#3494,1000.);
#1667=VECTOR('',#3495,1000.);
#1668=VECTOR('',#3496,1000.);
#1669=VECTOR('',#3499,1000.);
#1670=VECTOR('',#3500,1000.);
#1671=VECTOR('',#3503,1000.);
#1672=VECTOR('',#3504,1000.);
#1673=VECTOR('',#3507,1000.);
#1674=VECTOR('',#3510,1000.);
#1675=VECTOR('',#3511,1000.);
#1676=VECTOR('',#3512,1000.);
#1677=VECTOR('',#3513,1000.);
#1678=VECTOR('',#3516,1000.);
#1679=VECTOR('',#3517,1000.);
#1680=VECTOR('',#3518,1000.);
#1681=VECTOR('',#3519,1000.);
#1682=VECTOR('',#3526,1000.);
#1683=VECTOR('',#3531,1000.);
#1684=VECTOR('',#3536,1000.);
#1685=VECTOR('',#3537,1000.);
#1686=VECTOR('',#3542,1000.);
#1687=VECTOR('',#3545,1000.);
#1688=VECTOR('',#3546,1000.);
#1689=VECTOR('',#3549,1000.);
#1690=VECTOR('',#3550,1000.);
#1691=VECTOR('',#3551,1000.);
#1692=VECTOR('',#3556,1000.);
#1693=VECTOR('',#3559,1000.);
#1694=VECTOR('',#3560,1000.);
#1695=VECTOR('',#3567,1000.);
#1696=EDGE_LOOP('',(#75,#76,#77,#78));
#1697=EDGE_LOOP('',(#79,#80,#81,#82));
#1698=EDGE_LOOP('',(#83,#84,#85,#86));
#1699=EDGE_LOOP('',(#87,#88,#89,#90));
#1700=EDGE_LOOP('',(#91,#92,#93,#94));
#1701=EDGE_LOOP('',(#95,#96,#97,#98));
#1702=EDGE_LOOP('',(#99,#100,#101,#102));
#1703=EDGE_LOOP('',(#103,#104,#105,#106,#107,#108,#109,#110,#111));
#1704=EDGE_LOOP('',(#112,#113,#114,#115));
#1705=EDGE_LOOP('',(#116,#117,#118,#119,#120,#121,#122,#123,#124));
#1706=EDGE_LOOP('',(#125,#126,#127,#128));
#1707=EDGE_LOOP('',(#129,#130,#131,#132));
#1708=EDGE_LOOP('',(#133,#134,#135,#136));
#1709=EDGE_LOOP('',(#137,#138,#139,#140));
#1710=EDGE_LOOP('',(#141,#142,#143,#144));
#1711=EDGE_LOOP('',(#145,#146,#147,#148));
#1712=EDGE_LOOP('',(#149,#150,#151,#152));
#1713=EDGE_LOOP('',(#153,#154,#155,#156));
#1714=EDGE_LOOP('',(#157,#158,#159,#160));
#1715=EDGE_LOOP('',(#161,#162,#163,#164));
#1716=EDGE_LOOP('',(#165,#166,#167,#168));
#1717=EDGE_LOOP('',(#169,#170,#171,#172));
#1718=EDGE_LOOP('',(#173,#174,#175,#176));
#1719=EDGE_LOOP('',(#177,#178,#179,#180));
#1720=EDGE_LOOP('',(#181,#182,#183,#184));
#1721=EDGE_LOOP('',(#185,#186,#187,#188));
#1722=EDGE_LOOP('',(#189,#190,#191,#192,#193,#194,#195,#196,#197,#198));
#1723=EDGE_LOOP('',(#199,#200,#201,#202,#203,#204,#205,#206,#207,#208));
#1724=EDGE_LOOP('',(#209,#210,#211,#212));
#1725=EDGE_LOOP('',(#213,#214,#215,#216));
#1726=EDGE_LOOP('',(#217,#218,#219,#220));
#1727=EDGE_LOOP('',(#221,#222,#223,#224));
#1728=EDGE_LOOP('',(#225,#226,#227,#228));
#1729=EDGE_LOOP('',(#229,#230,#231,#232));
#1730=EDGE_LOOP('',(#233,#234,#235,#236));
#1731=EDGE_LOOP('',(#237,#238,#239,#240));
#1732=EDGE_LOOP('',(#241,#242,#243,#244));
#1733=EDGE_LOOP('',(#245,#246,#247,#248));
#1734=EDGE_LOOP('',(#249,#250,#251,#252));
#1735=EDGE_LOOP('',(#253,#254,#255,#256));
#1736=EDGE_LOOP('',(#257,#258,#259,#260));
#1737=EDGE_LOOP('',(#261,#262,#263,#264,#265));
#1738=EDGE_LOOP('',(#266,#267,#268,#269,#270));
#1739=EDGE_LOOP('',(#271,#272,#273,#274));
#1740=EDGE_LOOP('',(#275,#276,#277,#278));
#1741=EDGE_LOOP('',(#279,#280,#281,#282));
#1742=EDGE_LOOP('',(#283,#284,#285,#286));
#1743=EDGE_LOOP('',(#287,#288,#289,#290));
#1744=EDGE_LOOP('',(#291,#292,#293,#294));
#1745=EDGE_LOOP('',(#295,#296,#297,#298));
#1746=EDGE_LOOP('',(#299,#300,#301,#302));
#1747=EDGE_LOOP('',(#303,#304,#305,#306));
#1748=EDGE_LOOP('',(#307,#308,#309,#310,#311,#312,#313,#314,#315,#316,#317,
#318,#319,#320,#321,#322));
#1749=EDGE_LOOP('',(#323,#324,#325,#326,#327));
#1750=EDGE_LOOP('',(#328,#329,#330,#331,#332,#333,#334,#335));
#1751=EDGE_LOOP('',(#336,#337,#338,#339));
#1752=EDGE_LOOP('',(#340,#341,#342,#343));
#1753=EDGE_LOOP('',(#344,#345,#346,#347,#348,#349,#350,#351));
#1754=EDGE_LOOP('',(#352,#353,#354,#355,#356));
#1755=EDGE_LOOP('',(#357,#358,#359,#360));
#1756=EDGE_LOOP('',(#361,#362,#363,#364));
#1757=EDGE_LOOP('',(#365,#366,#367,#368));
#1758=EDGE_LOOP('',(#369,#370,#371,#372,#373,#374,#375,#376,#377,#378,#379,
#380,#381,#382,#383,#384));
#1759=EDGE_LOOP('',(#385,#386,#387,#388));
#1760=EDGE_LOOP('',(#389,#390,#391,#392));
#1761=EDGE_LOOP('',(#393,#394,#395,#396));
#1762=EDGE_LOOP('',(#397,#398,#399,#400));
#1763=EDGE_LOOP('',(#401,#402,#403,#404));
#1764=EDGE_LOOP('',(#405,#406,#407,#408));
#1765=EDGE_LOOP('',(#409,#410,#411,#412));
#1766=EDGE_LOOP('',(#413,#414,#415,#416));
#1767=EDGE_LOOP('',(#417,#418,#419,#420));
#1768=EDGE_LOOP('',(#421,#422,#423,#424,#425,#426));
#1769=EDGE_LOOP('',(#427,#428,#429,#430));
#1770=EDGE_LOOP('',(#431,#432,#433,#434));
#1771=EDGE_LOOP('',(#435,#436,#437,#438,#439,#440));
#1772=EDGE_LOOP('',(#441,#442,#443,#444,#445,#446,#447,#448));
#1773=EDGE_LOOP('',(#449,#450,#451,#452,#453,#454,#455));
#1774=EDGE_LOOP('',(#456,#457,#458,#459));
#1775=EDGE_LOOP('',(#460,#461,#462,#463,#464,#465,#466));
#1776=EDGE_LOOP('',(#467,#468,#469,#470));
#1777=EDGE_LOOP('',(#471,#472,#473,#474,#475,#476));
#1778=EDGE_LOOP('',(#477,#478,#479,#480));
#1779=EDGE_LOOP('',(#481,#482,#483,#484,#485,#486,#487));
#1780=EDGE_LOOP('',(#488,#489,#490,#491));
#1781=EDGE_LOOP('',(#492,#493,#494,#495,#496,#497,#498));
#1782=EDGE_LOOP('',(#499,#500,#501,#502,#503,#504,#505,#506));
#1783=EDGE_LOOP('',(#507,#508,#509,#510,#511,#512,#513));
#1784=EDGE_LOOP('',(#514,#515,#516,#517));
#1785=EDGE_LOOP('',(#518,#519,#520,#521,#522,#523,#524));
#1786=EDGE_LOOP('',(#525,#526,#527,#528));
#1787=EDGE_LOOP('',(#529,#530,#531,#532,#533,#534));
#1788=EDGE_LOOP('',(#535,#536,#537,#538));
#1789=EDGE_LOOP('',(#539,#540,#541,#542,#543,#544,#545));
#1790=EDGE_LOOP('',(#546,#547,#548,#549));
#1791=EDGE_LOOP('',(#550,#551,#552,#553,#554,#555,#556));
#1792=EDGE_LOOP('',(#557,#558,#559,#560));
#1793=EDGE_LOOP('',(#561,#562,#563,#564));
#1794=EDGE_LOOP('',(#565,#566,#567,#568,#569,#570));
#1795=EDGE_LOOP('',(#571,#572,#573,#574));
#1796=EDGE_LOOP('',(#575,#576,#577,#578));
#1797=EDGE_LOOP('',(#579,#580,#581,#582,#583,#584));
#1798=EDGE_LOOP('',(#585,#586,#587,#588));
#1799=EDGE_LOOP('',(#589,#590,#591,#592));
#1800=EDGE_LOOP('',(#593,#594,#595,#596,#597,#598,#599,#600,#601,#602,#603,
#604,#605,#606,#607,#608,#609,#610,#611,#612));
#1801=EDGE_LOOP('',(#613,#614,#615,#616));
#1802=EDGE_LOOP('',(#617,#618,#619,#620));
#1803=EDGE_LOOP('',(#621,#622,#623,#624));
#1804=EDGE_LOOP('',(#625,#626,#627,#628));
#1805=EDGE_LOOP('',(#629,#630,#631,#632));
#1806=EDGE_LOOP('',(#633,#634,#635,#636));
#1807=EDGE_LOOP('',(#637,#638,#639,#640,#641,#642));
#1808=EDGE_LOOP('',(#643,#644,#645,#646));
#1809=EDGE_LOOP('',(#647,#648,#649,#650));
#1810=EDGE_LOOP('',(#651,#652,#653,#654));
#1811=EDGE_LOOP('',(#655,#656,#657,#658));
#1812=EDGE_LOOP('',(#659,#660,#661,#662));
#1813=EDGE_LOOP('',(#663,#664,#665,#666,#667,#668));
#1814=EDGE_LOOP('',(#669,#670,#671,#672));
#1815=FACE_BOUND('',#1696,.T.);
#1816=FACE_BOUND('',#1697,.T.);
#1817=FACE_BOUND('',#1698,.T.);
#1818=FACE_BOUND('',#1699,.T.);
#1819=FACE_BOUND('',#1700,.T.);
#1820=FACE_BOUND('',#1701,.T.);
#1821=FACE_BOUND('',#1702,.T.);
#1822=FACE_BOUND('',#1703,.T.);
#1823=FACE_BOUND('',#1704,.T.);
#1824=FACE_BOUND('',#1705,.T.);
#1825=FACE_BOUND('',#1706,.T.);
#1826=FACE_BOUND('',#1707,.T.);
#1827=FACE_BOUND('',#1708,.T.);
#1828=FACE_BOUND('',#1709,.T.);
#1829=FACE_BOUND('',#1710,.T.);
#1830=FACE_BOUND('',#1711,.T.);
#1831=FACE_BOUND('',#1712,.T.);
#1832=FACE_BOUND('',#1713,.T.);
#1833=FACE_BOUND('',#1714,.T.);
#1834=FACE_BOUND('',#1715,.T.);
#1835=FACE_BOUND('',#1716,.T.);
#1836=FACE_BOUND('',#1717,.T.);
#1837=FACE_BOUND('',#1718,.T.);
#1838=FACE_BOUND('',#1719,.T.);
#1839=FACE_BOUND('',#1720,.T.);
#1840=FACE_BOUND('',#1721,.T.);
#1841=FACE_BOUND('',#1722,.T.);
#1842=FACE_BOUND('',#1723,.T.);
#1843=FACE_BOUND('',#1724,.T.);
#1844=FACE_BOUND('',#1725,.T.);
#1845=FACE_BOUND('',#1726,.T.);
#1846=FACE_BOUND('',#1727,.T.);
#1847=FACE_BOUND('',#1728,.T.);
#1848=FACE_BOUND('',#1729,.T.);
#1849=FACE_BOUND('',#1730,.T.);
#1850=FACE_BOUND('',#1731,.T.);
#1851=FACE_BOUND('',#1732,.T.);
#1852=FACE_BOUND('',#1733,.T.);
#1853=FACE_BOUND('',#1734,.T.);
#1854=FACE_BOUND('',#1735,.T.);
#1855=FACE_BOUND('',#1736,.T.);
#1856=FACE_BOUND('',#1737,.T.);
#1857=FACE_BOUND('',#1738,.T.);
#1858=FACE_BOUND('',#1739,.T.);
#1859=FACE_BOUND('',#1740,.T.);
#1860=FACE_BOUND('',#1741,.T.);
#1861=FACE_BOUND('',#1742,.T.);
#1862=FACE_BOUND('',#1743,.T.);
#1863=FACE_BOUND('',#1744,.T.);
#1864=FACE_BOUND('',#1745,.T.);
#1865=FACE_BOUND('',#1746,.T.);
#1866=FACE_BOUND('',#1747,.T.);
#1867=FACE_BOUND('',#1748,.T.);
#1868=FACE_BOUND('',#1749,.T.);
#1869=FACE_BOUND('',#1750,.T.);
#1870=FACE_BOUND('',#1751,.T.);
#1871=FACE_BOUND('',#1752,.T.);
#1872=FACE_BOUND('',#1753,.T.);
#1873=FACE_BOUND('',#1754,.T.);
#1874=FACE_BOUND('',#1755,.T.);
#1875=FACE_BOUND('',#1756,.T.);
#1876=FACE_BOUND('',#1757,.T.);
#1877=FACE_BOUND('',#1758,.T.);
#1878=FACE_BOUND('',#1759,.T.);
#1879=FACE_BOUND('',#1760,.T.);
#1880=FACE_BOUND('',#1761,.T.);
#1881=FACE_BOUND('',#1762,.T.);
#1882=FACE_BOUND('',#1763,.T.);
#1883=FACE_BOUND('',#1764,.T.);
#1884=FACE_BOUND('',#1765,.T.);
#1885=FACE_BOUND('',#1766,.T.);
#1886=FACE_BOUND('',#1767,.T.);
#1887=FACE_BOUND('',#1768,.T.);
#1888=FACE_BOUND('',#1769,.T.);
#1889=FACE_BOUND('',#1770,.T.);
#1890=FACE_BOUND('',#1771,.T.);
#1891=FACE_BOUND('',#1772,.T.);
#1892=FACE_BOUND('',#1773,.T.);
#1893=FACE_BOUND('',#1774,.T.);
#1894=FACE_BOUND('',#1775,.T.);
#1895=FACE_BOUND('',#1776,.T.);
#1896=FACE_BOUND('',#1777,.T.);
#1897=FACE_BOUND('',#1778,.T.);
#1898=FACE_BOUND('',#1779,.T.);
#1899=FACE_BOUND('',#1780,.T.);
#1900=FACE_BOUND('',#1781,.T.);
#1901=FACE_BOUND('',#1782,.T.);
#1902=FACE_BOUND('',#1783,.T.);
#1903=FACE_BOUND('',#1784,.T.);
#1904=FACE_BOUND('',#1785,.T.);
#1905=FACE_BOUND('',#1786,.T.);
#1906=FACE_BOUND('',#1787,.T.);
#1907=FACE_BOUND('',#1788,.T.);
#1908=FACE_BOUND('',#1789,.T.);
#1909=FACE_BOUND('',#1790,.T.);
#1910=FACE_BOUND('',#1791,.T.);
#1911=FACE_BOUND('',#1792,.T.);
#1912=FACE_BOUND('',#1793,.T.);
#1913=FACE_BOUND('',#1794,.T.);
#1914=FACE_BOUND('',#1795,.T.);
#1915=FACE_BOUND('',#1796,.T.);
#1916=FACE_BOUND('',#1797,.T.);
#1917=FACE_BOUND('',#1798,.T.);
#1918=FACE_BOUND('',#1799,.T.);
#1919=FACE_BOUND('',#1800,.T.);
#1920=FACE_BOUND('',#1801,.T.);
#1921=FACE_BOUND('',#1802,.T.);
#1922=FACE_BOUND('',#1803,.T.);
#1923=FACE_BOUND('',#1804,.T.);
#1924=FACE_BOUND('',#1805,.T.);
#1925=FACE_BOUND('',#1806,.T.);
#1926=FACE_BOUND('',#1807,.T.);
#1927=FACE_BOUND('',#1808,.T.);
#1928=FACE_BOUND('',#1809,.T.);
#1929=FACE_BOUND('',#1810,.T.);
#1930=FACE_BOUND('',#1811,.T.);
#1931=FACE_BOUND('',#1812,.T.);
#1932=FACE_BOUND('',#1813,.T.);
#1933=FACE_BOUND('',#1814,.T.);
#1934=PLANE('',#2879);
#1935=PLANE('',#2880);
#1936=PLANE('',#2881);
#1937=PLANE('',#2882);
#1938=PLANE('',#2883);
#1939=PLANE('',#2884);
#1940=PLANE('',#2885);
#1941=PLANE('',#2886);
#1942=PLANE('',#2887);
#1943=PLANE('',#2888);
#1944=PLANE('',#2889);
#1945=PLANE('',#2890);
#1946=PLANE('',#2891);
#1947=PLANE('',#2892);
#1948=PLANE('',#2893);
#1949=PLANE('',#2894);
#1950=PLANE('',#2898);
#1951=PLANE('',#2899);
#1952=PLANE('',#2900);
#1953=PLANE('',#2901);
#1954=PLANE('',#2902);
#1955=PLANE('',#2906);
#1956=PLANE('',#2907);
#1957=PLANE('',#2911);
#1958=PLANE('',#2918);
#1959=PLANE('',#2922);
#1960=PLANE('',#2923);
#1961=PLANE('',#2924);
#1962=PLANE('',#2925);
#1963=PLANE('',#2926);
#1964=PLANE('',#2927);
#1965=PLANE('',#2931);
#1966=PLANE('',#2932);
#1967=PLANE('',#2933);
#1968=PLANE('',#2937);
#1969=PLANE('',#2938);
#1970=PLANE('',#2939);
#1971=PLANE('',#2940);
#1972=PLANE('',#2941);
#1973=PLANE('',#2942);
#1974=PLANE('',#2946);
#1975=PLANE('',#2947);
#1976=PLANE('',#2948);
#1977=PLANE('',#2949);
#1978=PLANE('',#2950);
#1979=PLANE('',#2951);
#1980=PLANE('',#2952);
#1981=PLANE('',#2953);
#1982=PLANE('',#2957);
#1983=PLANE('',#2961);
#1984=PLANE('',#2968);
#1985=PLANE('',#2972);
#1986=PLANE('',#2973);
#1987=PLANE('',#2974);
#1988=PLANE('',#2975);
#1989=PLANE('',#2976);
#1990=PLANE('',#2977);
#1991=PLANE('',#2978);
#1992=PLANE('',#2979);
#1993=PLANE('',#2980);
#1994=PLANE('',#2981);
#1995=PLANE('',#2982);
#1996=PLANE('',#2983);
#1997=PLANE('',#2984);
#1998=PLANE('',#2985);
#1999=PLANE('',#2986);
#2000=PLANE('',#2987);
#2001=PLANE('',#2988);
#2002=PLANE('',#2989);
#2003=PLANE('',#2990);
#2004=PLANE('',#2991);
#2005=PLANE('',#2992);
#2006=PLANE('',#2993);
#2007=PLANE('',#2994);
#2008=PLANE('',#2995);
#2009=PLANE('',#2996);
#2010=PLANE('',#2997);
#2011=PLANE('',#2998);
#2012=PLANE('',#2999);
#2013=PLANE('',#3000);
#2014=PLANE('',#3001);
#2015=PLANE('',#3002);
#2016=PLANE('',#3009);
#2017=PLANE('',#3010);
#2018=PLANE('',#3013);
#2019=PLANE('',#3016);
#2020=PLANE('',#3019);
#2021=PLANE('',#3020);
#2022=STYLED_ITEM('',(#2128),#2768);
#2023=STYLED_ITEM('',(#2129),#2769);
#2024=STYLED_ITEM('',(#2130),#2770);
#2025=STYLED_ITEM('',(#2131),#2771);
#2026=STYLED_ITEM('',(#2132),#2772);
#2027=STYLED_ITEM('',(#2133),#2773);
#2028=STYLED_ITEM('',(#2134),#2774);
#2029=STYLED_ITEM('',(#2135),#2775);
#2030=STYLED_ITEM('',(#2136),#2776);
#2031=STYLED_ITEM('',(#2137),#2777);
#2032=STYLED_ITEM('',(#2138),#2778);
#2033=STYLED_ITEM('',(#2139),#2779);
#2034=STYLED_ITEM('',(#2140),#2780);
#2035=STYLED_ITEM('',(#2141),#2781);
#2036=STYLED_ITEM('',(#2142),#2782);
#2037=STYLED_ITEM('',(#2143),#2783);
#2038=STYLED_ITEM('',(#2144),#2784);
#2039=STYLED_ITEM('',(#2145),#2785);
#2040=STYLED_ITEM('',(#2146),#2786);
#2041=STYLED_ITEM('',(#2147),#2787);
#2042=STYLED_ITEM('',(#2148),#2788);
#2043=STYLED_ITEM('',(#2149),#2789);
#2044=STYLED_ITEM('',(#2150),#2790);
#2045=STYLED_ITEM('',(#2151),#2791);
#2046=STYLED_ITEM('',(#2152),#2792);
#2047=STYLED_ITEM('',(#2153),#2793);
#2048=STYLED_ITEM('',(#2154),#2794);
#2049=STYLED_ITEM('',(#2155),#2795);
#2050=STYLED_ITEM('',(#2156),#2796);
#2051=STYLED_ITEM('',(#2157),#2797);
#2052=STYLED_ITEM('',(#2158),#2798);
#2053=STYLED_ITEM('',(#2159),#2799);
#2054=STYLED_ITEM('',(#2160),#2800);
#2055=STYLED_ITEM('',(#2161),#2801);
#2056=STYLED_ITEM('',(#2162),#2802);
#2057=STYLED_ITEM('',(#2163),#2803);
#2058=STYLED_ITEM('',(#2164),#2804);
#2059=STYLED_ITEM('',(#2165),#2805);
#2060=STYLED_ITEM('',(#2166),#2806);
#2061=STYLED_ITEM('',(#2167),#2807);
#2062=STYLED_ITEM('',(#2168),#2808);
#2063=STYLED_ITEM('',(#2169),#2809);
#2064=STYLED_ITEM('',(#2170),#2810);
#2065=STYLED_ITEM('',(#2171),#2811);
#2066=STYLED_ITEM('',(#2172),#2812);
#2067=STYLED_ITEM('',(#2173),#2813);
#2068=STYLED_ITEM('',(#2174),#2814);
#2069=STYLED_ITEM('',(#2175),#2815);
#2070=STYLED_ITEM('',(#2176),#2816);
#2071=STYLED_ITEM('',(#2177),#2817);
#2072=STYLED_ITEM('',(#2178),#2818);
#2073=STYLED_ITEM('',(#2179),#2819);
#2074=STYLED_ITEM('',(#2180),#2820);
#2075=STYLED_ITEM('',(#2181),#2821);
#2076=STYLED_ITEM('',(#2182),#2822);
#2077=STYLED_ITEM('',(#2183),#2823);
#2078=STYLED_ITEM('',(#2184),#2824);
#2079=STYLED_ITEM('',(#2185),#2825);
#2080=STYLED_ITEM('',(#2186),#2826);
#2081=STYLED_ITEM('',(#2187),#2827);
#2082=STYLED_ITEM('',(#2188),#2828);
#2083=STYLED_ITEM('',(#2189),#2829);
#2084=STYLED_ITEM('',(#2190),#2830);
#2085=STYLED_ITEM('',(#2191),#2831);
#2086=STYLED_ITEM('',(#2192),#2832);
#2087=STYLED_ITEM('',(#2193),#2833);
#2088=STYLED_ITEM('',(#2194),#2834);
#2089=STYLED_ITEM('',(#2195),#2835);
#2090=STYLED_ITEM('',(#2196),#2836);
#2091=STYLED_ITEM('',(#2197),#2837);
#2092=STYLED_ITEM('',(#2198),#2838);
#2093=STYLED_ITEM('',(#2199),#2839);
#2094=STYLED_ITEM('',(#2200),#2840);
#2095=STYLED_ITEM('',(#2201),#2841);
#2096=STYLED_ITEM('',(#2202),#2842);
#2097=STYLED_ITEM('',(#2203),#2843);
#2098=STYLED_ITEM('',(#2204),#2844);
#2099=STYLED_ITEM('',(#2205),#2845);
#2100=STYLED_ITEM('',(#2206),#2846);
#2101=STYLED_ITEM('',(#2207),#2847);
#2102=STYLED_ITEM('',(#2208),#2848);
#2103=STYLED_ITEM('',(#2209),#2849);
#2104=STYLED_ITEM('',(#2210),#2850);
#2105=STYLED_ITEM('',(#2211),#2851);
#2106=STYLED_ITEM('',(#2212),#2852);
#2107=STYLED_ITEM('',(#2213),#2853);
#2108=STYLED_ITEM('',(#2214),#2854);
#2109=STYLED_ITEM('',(#2215),#2855);
#2110=STYLED_ITEM('',(#2216),#2856);
#2111=STYLED_ITEM('',(#2217),#2857);
#2112=STYLED_ITEM('',(#2218),#2858);
#2113=STYLED_ITEM('',(#2219),#2859);
#2114=STYLED_ITEM('',(#2220),#2860);
#2115=STYLED_ITEM('',(#2221),#2861);
#2116=STYLED_ITEM('',(#2222),#2862);
#2117=STYLED_ITEM('',(#2223),#2863);
#2118=STYLED_ITEM('',(#2224),#2864);
#2119=STYLED_ITEM('',(#2225),#2865);
#2120=STYLED_ITEM('',(#2226),#2866);
#2121=STYLED_ITEM('',(#2227),#2867);
#2122=STYLED_ITEM('',(#2228),#2868);
#2123=STYLED_ITEM('',(#2229),#2869);
#2124=STYLED_ITEM('',(#2230),#2870);
#2125=STYLED_ITEM('',(#2231),#2871);
#2126=STYLED_ITEM('',(#2232),#2872);
#2127=STYLED_ITEM('',(#2233),#2873);
#2128=PRESENTATION_STYLE_ASSIGNMENT((#2234));
#2129=PRESENTATION_STYLE_ASSIGNMENT((#2235));
#2130=PRESENTATION_STYLE_ASSIGNMENT((#2236));
#2131=PRESENTATION_STYLE_ASSIGNMENT((#2237));
#2132=PRESENTATION_STYLE_ASSIGNMENT((#2238));
#2133=PRESENTATION_STYLE_ASSIGNMENT((#2239));
#2134=PRESENTATION_STYLE_ASSIGNMENT((#2240));
#2135=PRESENTATION_STYLE_ASSIGNMENT((#2241));
#2136=PRESENTATION_STYLE_ASSIGNMENT((#2242));
#2137=PRESENTATION_STYLE_ASSIGNMENT((#2243));
#2138=PRESENTATION_STYLE_ASSIGNMENT((#2244));
#2139=PRESENTATION_STYLE_ASSIGNMENT((#2245));
#2140=PRESENTATION_STYLE_ASSIGNMENT((#2246));
#2141=PRESENTATION_STYLE_ASSIGNMENT((#2247));
#2142=PRESENTATION_STYLE_ASSIGNMENT((#2248));
#2143=PRESENTATION_STYLE_ASSIGNMENT((#2249));
#2144=PRESENTATION_STYLE_ASSIGNMENT((#2250));
#2145=PRESENTATION_STYLE_ASSIGNMENT((#2251));
#2146=PRESENTATION_STYLE_ASSIGNMENT((#2252));
#2147=PRESENTATION_STYLE_ASSIGNMENT((#2253));
#2148=PRESENTATION_STYLE_ASSIGNMENT((#2254));
#2149=PRESENTATION_STYLE_ASSIGNMENT((#2255));
#2150=PRESENTATION_STYLE_ASSIGNMENT((#2256));
#2151=PRESENTATION_STYLE_ASSIGNMENT((#2257));
#2152=PRESENTATION_STYLE_ASSIGNMENT((#2258));
#2153=PRESENTATION_STYLE_ASSIGNMENT((#2259));
#2154=PRESENTATION_STYLE_ASSIGNMENT((#2260));
#2155=PRESENTATION_STYLE_ASSIGNMENT((#2261));
#2156=PRESENTATION_STYLE_ASSIGNMENT((#2262));
#2157=PRESENTATION_STYLE_ASSIGNMENT((#2263));
#2158=PRESENTATION_STYLE_ASSIGNMENT((#2264));
#2159=PRESENTATION_STYLE_ASSIGNMENT((#2265));
#2160=PRESENTATION_STYLE_ASSIGNMENT((#2266));
#2161=PRESENTATION_STYLE_ASSIGNMENT((#2267));
#2162=PRESENTATION_STYLE_ASSIGNMENT((#2268));
#2163=PRESENTATION_STYLE_ASSIGNMENT((#2269));
#2164=PRESENTATION_STYLE_ASSIGNMENT((#2270));
#2165=PRESENTATION_STYLE_ASSIGNMENT((#2271));
#2166=PRESENTATION_STYLE_ASSIGNMENT((#2272));
#2167=PRESENTATION_STYLE_ASSIGNMENT((#2273));
#2168=PRESENTATION_STYLE_ASSIGNMENT((#2274));
#2169=PRESENTATION_STYLE_ASSIGNMENT((#2275));
#2170=PRESENTATION_STYLE_ASSIGNMENT((#2276));
#2171=PRESENTATION_STYLE_ASSIGNMENT((#2277));
#2172=PRESENTATION_STYLE_ASSIGNMENT((#2278));
#2173=PRESENTATION_STYLE_ASSIGNMENT((#2279));
#2174=PRESENTATION_STYLE_ASSIGNMENT((#2280));
#2175=PRESENTATION_STYLE_ASSIGNMENT((#2281));
#2176=PRESENTATION_STYLE_ASSIGNMENT((#2282));
#2177=PRESENTATION_STYLE_ASSIGNMENT((#2283));
#2178=PRESENTATION_STYLE_ASSIGNMENT((#2284));
#2179=PRESENTATION_STYLE_ASSIGNMENT((#2285));
#2180=PRESENTATION_STYLE_ASSIGNMENT((#2286));
#2181=PRESENTATION_STYLE_ASSIGNMENT((#2287));
#2182=PRESENTATION_STYLE_ASSIGNMENT((#2288));
#2183=PRESENTATION_STYLE_ASSIGNMENT((#2289));
#2184=PRESENTATION_STYLE_ASSIGNMENT((#2290));
#2185=PRESENTATION_STYLE_ASSIGNMENT((#2291));
#2186=PRESENTATION_STYLE_ASSIGNMENT((#2292));
#2187=PRESENTATION_STYLE_ASSIGNMENT((#2293));
#2188=PRESENTATION_STYLE_ASSIGNMENT((#2294));
#2189=PRESENTATION_STYLE_ASSIGNMENT((#2295));
#2190=PRESENTATION_STYLE_ASSIGNMENT((#2296));
#2191=PRESENTATION_STYLE_ASSIGNMENT((#2297));
#2192=PRESENTATION_STYLE_ASSIGNMENT((#2298));
#2193=PRESENTATION_STYLE_ASSIGNMENT((#2299));
#2194=PRESENTATION_STYLE_ASSIGNMENT((#2300));
#2195=PRESENTATION_STYLE_ASSIGNMENT((#2301));
#2196=PRESENTATION_STYLE_ASSIGNMENT((#2302));
#2197=PRESENTATION_STYLE_ASSIGNMENT((#2303));
#2198=PRESENTATION_STYLE_ASSIGNMENT((#2304));
#2199=PRESENTATION_STYLE_ASSIGNMENT((#2305));
#2200=PRESENTATION_STYLE_ASSIGNMENT((#2306));
#2201=PRESENTATION_STYLE_ASSIGNMENT((#2307));
#2202=PRESENTATION_STYLE_ASSIGNMENT((#2308));
#2203=PRESENTATION_STYLE_ASSIGNMENT((#2309));
#2204=PRESENTATION_STYLE_ASSIGNMENT((#2310));
#2205=PRESENTATION_STYLE_ASSIGNMENT((#2311));
#2206=PRESENTATION_STYLE_ASSIGNMENT((#2312));
#2207=PRESENTATION_STYLE_ASSIGNMENT((#2313));
#2208=PRESENTATION_STYLE_ASSIGNMENT((#2314));
#2209=PRESENTATION_STYLE_ASSIGNMENT((#2315));
#2210=PRESENTATION_STYLE_ASSIGNMENT((#2316));
#2211=PRESENTATION_STYLE_ASSIGNMENT((#2317));
#2212=PRESENTATION_STYLE_ASSIGNMENT((#2318));
#2213=PRESENTATION_STYLE_ASSIGNMENT((#2319));
#2214=PRESENTATION_STYLE_ASSIGNMENT((#2320));
#2215=PRESENTATION_STYLE_ASSIGNMENT((#2321));
#2216=PRESENTATION_STYLE_ASSIGNMENT((#2322));
#2217=PRESENTATION_STYLE_ASSIGNMENT((#2323));
#2218=PRESENTATION_STYLE_ASSIGNMENT((#2324));
#2219=PRESENTATION_STYLE_ASSIGNMENT((#2325));
#2220=PRESENTATION_STYLE_ASSIGNMENT((#2326));
#2221=PRESENTATION_STYLE_ASSIGNMENT((#2327));
#2222=PRESENTATION_STYLE_ASSIGNMENT((#2328));
#2223=PRESENTATION_STYLE_ASSIGNMENT((#2329));
#2224=PRESENTATION_STYLE_ASSIGNMENT((#2330));
#2225=PRESENTATION_STYLE_ASSIGNMENT((#2331));
#2226=PRESENTATION_STYLE_ASSIGNMENT((#2332));
#2227=PRESENTATION_STYLE_ASSIGNMENT((#2333));
#2228=PRESENTATION_STYLE_ASSIGNMENT((#2334));
#2229=PRESENTATION_STYLE_ASSIGNMENT((#2335));
#2230=PRESENTATION_STYLE_ASSIGNMENT((#2336));
#2231=PRESENTATION_STYLE_ASSIGNMENT((#2337));
#2232=PRESENTATION_STYLE_ASSIGNMENT((#2338));
#2233=PRESENTATION_STYLE_ASSIGNMENT((#2339));
#2234=SURFACE_STYLE_USAGE(.BOTH.,#2340);
#2235=SURFACE_STYLE_USAGE(.BOTH.,#2341);
#2236=SURFACE_STYLE_USAGE(.BOTH.,#2342);
#2237=SURFACE_STYLE_USAGE(.BOTH.,#2343);
#2238=SURFACE_STYLE_USAGE(.BOTH.,#2344);
#2239=SURFACE_STYLE_USAGE(.BOTH.,#2345);
#2240=SURFACE_STYLE_USAGE(.BOTH.,#2346);
#2241=SURFACE_STYLE_USAGE(.BOTH.,#2347);
#2242=SURFACE_STYLE_USAGE(.BOTH.,#2348);
#2243=SURFACE_STYLE_USAGE(.BOTH.,#2349);
#2244=SURFACE_STYLE_USAGE(.BOTH.,#2350);
#2245=SURFACE_STYLE_USAGE(.BOTH.,#2351);
#2246=SURFACE_STYLE_USAGE(.BOTH.,#2352);
#2247=SURFACE_STYLE_USAGE(.BOTH.,#2353);
#2248=SURFACE_STYLE_USAGE(.BOTH.,#2354);
#2249=SURFACE_STYLE_USAGE(.BOTH.,#2355);
#2250=SURFACE_STYLE_USAGE(.BOTH.,#2356);
#2251=SURFACE_STYLE_USAGE(.BOTH.,#2357);
#2252=SURFACE_STYLE_USAGE(.BOTH.,#2358);
#2253=SURFACE_STYLE_USAGE(.BOTH.,#2359);
#2254=SURFACE_STYLE_USAGE(.BOTH.,#2360);
#2255=SURFACE_STYLE_USAGE(.BOTH.,#2361);
#2256=SURFACE_STYLE_USAGE(.BOTH.,#2362);
#2257=SURFACE_STYLE_USAGE(.BOTH.,#2363);
#2258=SURFACE_STYLE_USAGE(.BOTH.,#2364);
#2259=SURFACE_STYLE_USAGE(.BOTH.,#2365);
#2260=SURFACE_STYLE_USAGE(.BOTH.,#2366);
#2261=SURFACE_STYLE_USAGE(.BOTH.,#2367);
#2262=SURFACE_STYLE_USAGE(.BOTH.,#2368);
#2263=SURFACE_STYLE_USAGE(.BOTH.,#2369);
#2264=SURFACE_STYLE_USAGE(.BOTH.,#2370);
#2265=SURFACE_STYLE_USAGE(.BOTH.,#2371);
#2266=SURFACE_STYLE_USAGE(.BOTH.,#2372);
#2267=SURFACE_STYLE_USAGE(.BOTH.,#2373);
#2268=SURFACE_STYLE_USAGE(.BOTH.,#2374);
#2269=SURFACE_STYLE_USAGE(.BOTH.,#2375);
#2270=SURFACE_STYLE_USAGE(.BOTH.,#2376);
#2271=SURFACE_STYLE_USAGE(.BOTH.,#2377);
#2272=SURFACE_STYLE_USAGE(.BOTH.,#2378);
#2273=SURFACE_STYLE_USAGE(.BOTH.,#2379);
#2274=SURFACE_STYLE_USAGE(.BOTH.,#2380);
#2275=SURFACE_STYLE_USAGE(.BOTH.,#2381);
#2276=SURFACE_STYLE_USAGE(.BOTH.,#2382);
#2277=SURFACE_STYLE_USAGE(.BOTH.,#2383);
#2278=SURFACE_STYLE_USAGE(.BOTH.,#2384);
#2279=SURFACE_STYLE_USAGE(.BOTH.,#2385);
#2280=SURFACE_STYLE_USAGE(.BOTH.,#2386);
#2281=SURFACE_STYLE_USAGE(.BOTH.,#2387);
#2282=SURFACE_STYLE_USAGE(.BOTH.,#2388);
#2283=SURFACE_STYLE_USAGE(.BOTH.,#2389);
#2284=SURFACE_STYLE_USAGE(.BOTH.,#2390);
#2285=SURFACE_STYLE_USAGE(.BOTH.,#2391);
#2286=SURFACE_STYLE_USAGE(.BOTH.,#2392);
#2287=SURFACE_STYLE_USAGE(.BOTH.,#2393);
#2288=SURFACE_STYLE_USAGE(.BOTH.,#2394);
#2289=SURFACE_STYLE_USAGE(.BOTH.,#2395);
#2290=SURFACE_STYLE_USAGE(.BOTH.,#2396);
#2291=SURFACE_STYLE_USAGE(.BOTH.,#2397);
#2292=SURFACE_STYLE_USAGE(.BOTH.,#2398);
#2293=SURFACE_STYLE_USAGE(.BOTH.,#2399);
#2294=SURFACE_STYLE_USAGE(.BOTH.,#2400);
#2295=SURFACE_STYLE_USAGE(.BOTH.,#2401);
#2296=SURFACE_STYLE_USAGE(.BOTH.,#2402);
#2297=SURFACE_STYLE_USAGE(.BOTH.,#2403);
#2298=SURFACE_STYLE_USAGE(.BOTH.,#2404);
#2299=SURFACE_STYLE_USAGE(.BOTH.,#2405);
#2300=SURFACE_STYLE_USAGE(.BOTH.,#2406);
#2301=SURFACE_STYLE_USAGE(.BOTH.,#2407);
#2302=SURFACE_STYLE_USAGE(.BOTH.,#2408);
#2303=SURFACE_STYLE_USAGE(.BOTH.,#2409);
#2304=SURFACE_STYLE_USAGE(.BOTH.,#2410);
#2305=SURFACE_STYLE_USAGE(.BOTH.,#2411);
#2306=SURFACE_STYLE_USAGE(.BOTH.,#2412);
#2307=SURFACE_STYLE_USAGE(.BOTH.,#2413);
#2308=SURFACE_STYLE_USAGE(.BOTH.,#2414);
#2309=SURFACE_STYLE_USAGE(.BOTH.,#2415);
#2310=SURFACE_STYLE_USAGE(.BOTH.,#2416);
#2311=SURFACE_STYLE_USAGE(.BOTH.,#2417);
#2312=SURFACE_STYLE_USAGE(.BOTH.,#2418);
#2313=SURFACE_STYLE_USAGE(.BOTH.,#2419);
#2314=SURFACE_STYLE_USAGE(.BOTH.,#2420);
#2315=SURFACE_STYLE_USAGE(.BOTH.,#2421);
#2316=SURFACE_STYLE_USAGE(.BOTH.,#2422);
#2317=SURFACE_STYLE_USAGE(.BOTH.,#2423);
#2318=SURFACE_STYLE_USAGE(.BOTH.,#2424);
#2319=SURFACE_STYLE_USAGE(.BOTH.,#2425);
#2320=SURFACE_STYLE_USAGE(.BOTH.,#2426);
#2321=SURFACE_STYLE_USAGE(.BOTH.,#2427);
#2322=SURFACE_STYLE_USAGE(.BOTH.,#2428);
#2323=SURFACE_STYLE_USAGE(.BOTH.,#2429);
#2324=SURFACE_STYLE_USAGE(.BOTH.,#2430);
#2325=SURFACE_STYLE_USAGE(.BOTH.,#2431);
#2326=SURFACE_STYLE_USAGE(.BOTH.,#2432);
#2327=SURFACE_STYLE_USAGE(.BOTH.,#2433);
#2328=SURFACE_STYLE_USAGE(.BOTH.,#2434);
#2329=SURFACE_STYLE_USAGE(.BOTH.,#2435);
#2330=SURFACE_STYLE_USAGE(.BOTH.,#2436);
#2331=SURFACE_STYLE_USAGE(.BOTH.,#2437);
#2332=SURFACE_STYLE_USAGE(.BOTH.,#2438);
#2333=SURFACE_STYLE_USAGE(.BOTH.,#2439);
#2334=SURFACE_STYLE_USAGE(.BOTH.,#2440);
#2335=SURFACE_STYLE_USAGE(.BOTH.,#2441);
#2336=SURFACE_STYLE_USAGE(.BOTH.,#2442);
#2337=SURFACE_STYLE_USAGE(.BOTH.,#2443);
#2338=SURFACE_STYLE_USAGE(.BOTH.,#2444);
#2339=SURFACE_STYLE_USAGE(.BOTH.,#2445);
#2340=SURFACE_SIDE_STYLE('',(#2446));
#2341=SURFACE_SIDE_STYLE('',(#2447));
#2342=SURFACE_SIDE_STYLE('',(#2448));
#2343=SURFACE_SIDE_STYLE('',(#2449));
#2344=SURFACE_SIDE_STYLE('',(#2450));
#2345=SURFACE_SIDE_STYLE('',(#2451));
#2346=SURFACE_SIDE_STYLE('',(#2452));
#2347=SURFACE_SIDE_STYLE('',(#2453));
#2348=SURFACE_SIDE_STYLE('',(#2454));
#2349=SURFACE_SIDE_STYLE('',(#2455));
#2350=SURFACE_SIDE_STYLE('',(#2456));
#2351=SURFACE_SIDE_STYLE('',(#2457));
#2352=SURFACE_SIDE_STYLE('',(#2458));
#2353=SURFACE_SIDE_STYLE('',(#2459));
#2354=SURFACE_SIDE_STYLE('',(#2460));
#2355=SURFACE_SIDE_STYLE('',(#2461));
#2356=SURFACE_SIDE_STYLE('',(#2462));
#2357=SURFACE_SIDE_STYLE('',(#2463));
#2358=SURFACE_SIDE_STYLE('',(#2464));
#2359=SURFACE_SIDE_STYLE('',(#2465));
#2360=SURFACE_SIDE_STYLE('',(#2466));
#2361=SURFACE_SIDE_STYLE('',(#2467));
#2362=SURFACE_SIDE_STYLE('',(#2468));
#2363=SURFACE_SIDE_STYLE('',(#2469));
#2364=SURFACE_SIDE_STYLE('',(#2470));
#2365=SURFACE_SIDE_STYLE('',(#2471));
#2366=SURFACE_SIDE_STYLE('',(#2472));
#2367=SURFACE_SIDE_STYLE('',(#2473));
#2368=SURFACE_SIDE_STYLE('',(#2474));
#2369=SURFACE_SIDE_STYLE('',(#2475));
#2370=SURFACE_SIDE_STYLE('',(#2476));
#2371=SURFACE_SIDE_STYLE('',(#2477));
#2372=SURFACE_SIDE_STYLE('',(#2478));
#2373=SURFACE_SIDE_STYLE('',(#2479));
#2374=SURFACE_SIDE_STYLE('',(#2480));
#2375=SURFACE_SIDE_STYLE('',(#2481));
#2376=SURFACE_SIDE_STYLE('',(#2482));
#2377=SURFACE_SIDE_STYLE('',(#2483));
#2378=SURFACE_SIDE_STYLE('',(#2484));
#2379=SURFACE_SIDE_STYLE('',(#2485));
#2380=SURFACE_SIDE_STYLE('',(#2486));
#2381=SURFACE_SIDE_STYLE('',(#2487));
#2382=SURFACE_SIDE_STYLE('',(#2488));
#2383=SURFACE_SIDE_STYLE('',(#2489));
#2384=SURFACE_SIDE_STYLE('',(#2490));
#2385=SURFACE_SIDE_STYLE('',(#2491));
#2386=SURFACE_SIDE_STYLE('',(#2492));
#2387=SURFACE_SIDE_STYLE('',(#2493));
#2388=SURFACE_SIDE_STYLE('',(#2494));
#2389=SURFACE_SIDE_STYLE('',(#2495));
#2390=SURFACE_SIDE_STYLE('',(#2496));
#2391=SURFACE_SIDE_STYLE('',(#2497));
#2392=SURFACE_SIDE_STYLE('',(#2498));
#2393=SURFACE_SIDE_STYLE('',(#2499));
#2394=SURFACE_SIDE_STYLE('',(#2500));
#2395=SURFACE_SIDE_STYLE('',(#2501));
#2396=SURFACE_SIDE_STYLE('',(#2502));
#2397=SURFACE_SIDE_STYLE('',(#2503));
#2398=SURFACE_SIDE_STYLE('',(#2504));
#2399=SURFACE_SIDE_STYLE('',(#2505));
#2400=SURFACE_SIDE_STYLE('',(#2506));
#2401=SURFACE_SIDE_STYLE('',(#2507));
#2402=SURFACE_SIDE_STYLE('',(#2508));
#2403=SURFACE_SIDE_STYLE('',(#2509));
#2404=SURFACE_SIDE_STYLE('',(#2510));
#2405=SURFACE_SIDE_STYLE('',(#2511));
#2406=SURFACE_SIDE_STYLE('',(#2512));
#2407=SURFACE_SIDE_STYLE('',(#2513));
#2408=SURFACE_SIDE_STYLE('',(#2514));
#2409=SURFACE_SIDE_STYLE('',(#2515));
#2410=SURFACE_SIDE_STYLE('',(#2516));
#2411=SURFACE_SIDE_STYLE('',(#2517));
#2412=SURFACE_SIDE_STYLE('',(#2518));
#2413=SURFACE_SIDE_STYLE('',(#2519));
#2414=SURFACE_SIDE_STYLE('',(#2520));
#2415=SURFACE_SIDE_STYLE('',(#2521));
#2416=SURFACE_SIDE_STYLE('',(#2522));
#2417=SURFACE_SIDE_STYLE('',(#2523));
#2418=SURFACE_SIDE_STYLE('',(#2524));
#2419=SURFACE_SIDE_STYLE('',(#2525));
#2420=SURFACE_SIDE_STYLE('',(#2526));
#2421=SURFACE_SIDE_STYLE('',(#2527));
#2422=SURFACE_SIDE_STYLE('',(#2528));
#2423=SURFACE_SIDE_STYLE('',(#2529));
#2424=SURFACE_SIDE_STYLE('',(#2530));
#2425=SURFACE_SIDE_STYLE('',(#2531));
#2426=SURFACE_SIDE_STYLE('',(#2532));
#2427=SURFACE_SIDE_STYLE('',(#2533));
#2428=SURFACE_SIDE_STYLE('',(#2534));
#2429=SURFACE_SIDE_STYLE('',(#2535));
#2430=SURFACE_SIDE_STYLE('',(#2536));
#2431=SURFACE_SIDE_STYLE('',(#2537));
#2432=SURFACE_SIDE_STYLE('',(#2538));
#2433=SURFACE_SIDE_STYLE('',(#2539));
#2434=SURFACE_SIDE_STYLE('',(#2540));
#2435=SURFACE_SIDE_STYLE('',(#2541));
#2436=SURFACE_SIDE_STYLE('',(#2542));
#2437=SURFACE_SIDE_STYLE('',(#2543));
#2438=SURFACE_SIDE_STYLE('',(#2544));
#2439=SURFACE_SIDE_STYLE('',(#2545));
#2440=SURFACE_SIDE_STYLE('',(#2546));
#2441=SURFACE_SIDE_STYLE('',(#2547));
#2442=SURFACE_SIDE_STYLE('',(#2548));
#2443=SURFACE_SIDE_STYLE('',(#2549));
#2444=SURFACE_SIDE_STYLE('',(#2550));
#2445=SURFACE_SIDE_STYLE('',(#2551));
#2446=SURFACE_STYLE_FILL_AREA(#2552);
#2447=SURFACE_STYLE_FILL_AREA(#2553);
#2448=SURFACE_STYLE_FILL_AREA(#2554);
#2449=SURFACE_STYLE_FILL_AREA(#2555);
#2450=SURFACE_STYLE_FILL_AREA(#2556);
#2451=SURFACE_STYLE_FILL_AREA(#2557);
#2452=SURFACE_STYLE_FILL_AREA(#2558);
#2453=SURFACE_STYLE_FILL_AREA(#2559);
#2454=SURFACE_STYLE_FILL_AREA(#2560);
#2455=SURFACE_STYLE_FILL_AREA(#2561);
#2456=SURFACE_STYLE_FILL_AREA(#2562);
#2457=SURFACE_STYLE_FILL_AREA(#2563);
#2458=SURFACE_STYLE_FILL_AREA(#2564);
#2459=SURFACE_STYLE_FILL_AREA(#2565);
#2460=SURFACE_STYLE_FILL_AREA(#2566);
#2461=SURFACE_STYLE_FILL_AREA(#2567);
#2462=SURFACE_STYLE_FILL_AREA(#2568);
#2463=SURFACE_STYLE_FILL_AREA(#2569);
#2464=SURFACE_STYLE_FILL_AREA(#2570);
#2465=SURFACE_STYLE_FILL_AREA(#2571);
#2466=SURFACE_STYLE_FILL_AREA(#2572);
#2467=SURFACE_STYLE_FILL_AREA(#2573);
#2468=SURFACE_STYLE_FILL_AREA(#2574);
#2469=SURFACE_STYLE_FILL_AREA(#2575);
#2470=SURFACE_STYLE_FILL_AREA(#2576);
#2471=SURFACE_STYLE_FILL_AREA(#2577);
#2472=SURFACE_STYLE_FILL_AREA(#2578);
#2473=SURFACE_STYLE_FILL_AREA(#2579);
#2474=SURFACE_STYLE_FILL_AREA(#2580);
#2475=SURFACE_STYLE_FILL_AREA(#2581);
#2476=SURFACE_STYLE_FILL_AREA(#2582);
#2477=SURFACE_STYLE_FILL_AREA(#2583);
#2478=SURFACE_STYLE_FILL_AREA(#2584);
#2479=SURFACE_STYLE_FILL_AREA(#2585);
#2480=SURFACE_STYLE_FILL_AREA(#2586);
#2481=SURFACE_STYLE_FILL_AREA(#2587);
#2482=SURFACE_STYLE_FILL_AREA(#2588);
#2483=SURFACE_STYLE_FILL_AREA(#2589);
#2484=SURFACE_STYLE_FILL_AREA(#2590);
#2485=SURFACE_STYLE_FILL_AREA(#2591);
#2486=SURFACE_STYLE_FILL_AREA(#2592);
#2487=SURFACE_STYLE_FILL_AREA(#2593);
#2488=SURFACE_STYLE_FILL_AREA(#2594);
#2489=SURFACE_STYLE_FILL_AREA(#2595);
#2490=SURFACE_STYLE_FILL_AREA(#2596);
#2491=SURFACE_STYLE_FILL_AREA(#2597);
#2492=SURFACE_STYLE_FILL_AREA(#2598);
#2493=SURFACE_STYLE_FILL_AREA(#2599);
#2494=SURFACE_STYLE_FILL_AREA(#2600);
#2495=SURFACE_STYLE_FILL_AREA(#2601);
#2496=SURFACE_STYLE_FILL_AREA(#2602);
#2497=SURFACE_STYLE_FILL_AREA(#2603);
#2498=SURFACE_STYLE_FILL_AREA(#2604);
#2499=SURFACE_STYLE_FILL_AREA(#2605);
#2500=SURFACE_STYLE_FILL_AREA(#2606);
#2501=SURFACE_STYLE_FILL_AREA(#2607);
#2502=SURFACE_STYLE_FILL_AREA(#2608);
#2503=SURFACE_STYLE_FILL_AREA(#2609);
#2504=SURFACE_STYLE_FILL_AREA(#2610);
#2505=SURFACE_STYLE_FILL_AREA(#2611);
#2506=SURFACE_STYLE_FILL_AREA(#2612);
#2507=SURFACE_STYLE_FILL_AREA(#2613);
#2508=SURFACE_STYLE_FILL_AREA(#2614);
#2509=SURFACE_STYLE_FILL_AREA(#2615);
#2510=SURFACE_STYLE_FILL_AREA(#2616);
#2511=SURFACE_STYLE_FILL_AREA(#2617);
#2512=SURFACE_STYLE_FILL_AREA(#2618);
#2513=SURFACE_STYLE_FILL_AREA(#2619);
#2514=SURFACE_STYLE_FILL_AREA(#2620);
#2515=SURFACE_STYLE_FILL_AREA(#2621);
#2516=SURFACE_STYLE_FILL_AREA(#2622);
#2517=SURFACE_STYLE_FILL_AREA(#2623);
#2518=SURFACE_STYLE_FILL_AREA(#2624);
#2519=SURFACE_STYLE_FILL_AREA(#2625);
#2520=SURFACE_STYLE_FILL_AREA(#2626);
#2521=SURFACE_STYLE_FILL_AREA(#2627);
#2522=SURFACE_STYLE_FILL_AREA(#2628);
#2523=SURFACE_STYLE_FILL_AREA(#2629);
#2524=SURFACE_STYLE_FILL_AREA(#2630);
#2525=SURFACE_STYLE_FILL_AREA(#2631);
#2526=SURFACE_STYLE_FILL_AREA(#2632);
#2527=SURFACE_STYLE_FILL_AREA(#2633);
#2528=SURFACE_STYLE_FILL_AREA(#2634);
#2529=SURFACE_STYLE_FILL_AREA(#2635);
#2530=SURFACE_STYLE_FILL_AREA(#2636);
#2531=SURFACE_STYLE_FILL_AREA(#2637);
#2532=SURFACE_STYLE_FILL_AREA(#2638);
#2533=SURFACE_STYLE_FILL_AREA(#2639);
#2534=SURFACE_STYLE_FILL_AREA(#2640);
#2535=SURFACE_STYLE_FILL_AREA(#2641);
#2536=SURFACE_STYLE_FILL_AREA(#2642);
#2537=SURFACE_STYLE_FILL_AREA(#2643);
#2538=SURFACE_STYLE_FILL_AREA(#2644);
#2539=SURFACE_STYLE_FILL_AREA(#2645);
#2540=SURFACE_STYLE_FILL_AREA(#2646);
#2541=SURFACE_STYLE_FILL_AREA(#2647);
#2542=SURFACE_STYLE_FILL_AREA(#2648);
#2543=SURFACE_STYLE_FILL_AREA(#2649);
#2544=SURFACE_STYLE_FILL_AREA(#2650);
#2545=SURFACE_STYLE_FILL_AREA(#2651);
#2546=SURFACE_STYLE_FILL_AREA(#2652);
#2547=SURFACE_STYLE_FILL_AREA(#2653);
#2548=SURFACE_STYLE_FILL_AREA(#2654);
#2549=SURFACE_STYLE_FILL_AREA(#2655);
#2550=SURFACE_STYLE_FILL_AREA(#2656);
#2551=SURFACE_STYLE_FILL_AREA(#2657);
#2552=FILL_AREA_STYLE('',(#2658));
#2553=FILL_AREA_STYLE('',(#2659));
#2554=FILL_AREA_STYLE('',(#2660));
#2555=FILL_AREA_STYLE('',(#2661));
#2556=FILL_AREA_STYLE('',(#2662));
#2557=FILL_AREA_STYLE('',(#2663));
#2558=FILL_AREA_STYLE('',(#2664));
#2559=FILL_AREA_STYLE('',(#2665));
#2560=FILL_AREA_STYLE('',(#2666));
#2561=FILL_AREA_STYLE('',(#2667));
#2562=FILL_AREA_STYLE('',(#2668));
#2563=FILL_AREA_STYLE('',(#2669));
#2564=FILL_AREA_STYLE('',(#2670));
#2565=FILL_AREA_STYLE('',(#2671));
#2566=FILL_AREA_STYLE('',(#2672));
#2567=FILL_AREA_STYLE('',(#2673));
#2568=FILL_AREA_STYLE('',(#2674));
#2569=FILL_AREA_STYLE('',(#2675));
#2570=FILL_AREA_STYLE('',(#2676));
#2571=FILL_AREA_STYLE('',(#2677));
#2572=FILL_AREA_STYLE('',(#2678));
#2573=FILL_AREA_STYLE('',(#2679));
#2574=FILL_AREA_STYLE('',(#2680));
#2575=FILL_AREA_STYLE('',(#2681));
#2576=FILL_AREA_STYLE('',(#2682));
#2577=FILL_AREA_STYLE('',(#2683));
#2578=FILL_AREA_STYLE('',(#2684));
#2579=FILL_AREA_STYLE('',(#2685));
#2580=FILL_AREA_STYLE('',(#2686));
#2581=FILL_AREA_STYLE('',(#2687));
#2582=FILL_AREA_STYLE('',(#2688));
#2583=FILL_AREA_STYLE('',(#2689));
#2584=FILL_AREA_STYLE('',(#2690));
#2585=FILL_AREA_STYLE('',(#2691));
#2586=FILL_AREA_STYLE('',(#2692));
#2587=FILL_AREA_STYLE('',(#2693));
#2588=FILL_AREA_STYLE('',(#2694));
#2589=FILL_AREA_STYLE('',(#2695));
#2590=FILL_AREA_STYLE('',(#2696));
#2591=FILL_AREA_STYLE('',(#2697));
#2592=FILL_AREA_STYLE('',(#2698));
#2593=FILL_AREA_STYLE('',(#2699));
#2594=FILL_AREA_STYLE('',(#2700));
#2595=FILL_AREA_STYLE('',(#2701));
#2596=FILL_AREA_STYLE('',(#2702));
#2597=FILL_AREA_STYLE('',(#2703));
#2598=FILL_AREA_STYLE('',(#2704));
#2599=FILL_AREA_STYLE('',(#2705));
#2600=FILL_AREA_STYLE('',(#2706));
#2601=FILL_AREA_STYLE('',(#2707));
#2602=FILL_AREA_STYLE('',(#2708));
#2603=FILL_AREA_STYLE('',(#2709));
#2604=FILL_AREA_STYLE('',(#2710));
#2605=FILL_AREA_STYLE('',(#2711));
#2606=FILL_AREA_STYLE('',(#2712));
#2607=FILL_AREA_STYLE('',(#2713));
#2608=FILL_AREA_STYLE('',(#2714));
#2609=FILL_AREA_STYLE('',(#2715));
#2610=FILL_AREA_STYLE('',(#2716));
#2611=FILL_AREA_STYLE('',(#2717));
#2612=FILL_AREA_STYLE('',(#2718));
#2613=FILL_AREA_STYLE('',(#2719));
#2614=FILL_AREA_STYLE('',(#2720));
#2615=FILL_AREA_STYLE('',(#2721));
#2616=FILL_AREA_STYLE('',(#2722));
#2617=FILL_AREA_STYLE('',(#2723));
#2618=FILL_AREA_STYLE('',(#2724));
#2619=FILL_AREA_STYLE('',(#2725));
#2620=FILL_AREA_STYLE('',(#2726));
#2621=FILL_AREA_STYLE('',(#2727));
#2622=FILL_AREA_STYLE('',(#2728));
#2623=FILL_AREA_STYLE('',(#2729));
#2624=FILL_AREA_STYLE('',(#2730));
#2625=FILL_AREA_STYLE('',(#2731));
#2626=FILL_AREA_STYLE('',(#2732));
#2627=FILL_AREA_STYLE('',(#2733));
#2628=FILL_AREA_STYLE('',(#2734));
#2629=FILL_AREA_STYLE('',(#2735));
#2630=FILL_AREA_STYLE('',(#2736));
#2631=FILL_AREA_STYLE('',(#2737));
#2632=FILL_AREA_STYLE('',(#2738));
#2633=FILL_AREA_STYLE('',(#2739));
#2634=FILL_AREA_STYLE('',(#2740));
#2635=FILL_AREA_STYLE('',(#2741));
#2636=FILL_AREA_STYLE('',(#2742));
#2637=FILL_AREA_STYLE('',(#2743));
#2638=FILL_AREA_STYLE('',(#2744));
#2639=FILL_AREA_STYLE('',(#2745));
#2640=FILL_AREA_STYLE('',(#2746));
#2641=FILL_AREA_STYLE('',(#2747));
#2642=FILL_AREA_STYLE('',(#2748));
#2643=FILL_AREA_STYLE('',(#2749));
#2644=FILL_AREA_STYLE('',(#2750));
#2645=FILL_AREA_STYLE('',(#2751));
#2646=FILL_AREA_STYLE('',(#2752));
#2647=FILL_AREA_STYLE('',(#2753));
#2648=FILL_AREA_STYLE('',(#2754));
#2649=FILL_AREA_STYLE('',(#2755));
#2650=FILL_AREA_STYLE('',(#2756));
#2651=FILL_AREA_STYLE('',(#2757));
#2652=FILL_AREA_STYLE('',(#2758));
#2653=FILL_AREA_STYLE('',(#2759));
#2654=FILL_AREA_STYLE('',(#2760));
#2655=FILL_AREA_STYLE('',(#2761));
#2656=FILL_AREA_STYLE('',(#2762));
#2657=FILL_AREA_STYLE('',(#2763));
#2658=FILL_AREA_STYLE_COLOUR('',#2764);
#2659=FILL_AREA_STYLE_COLOUR('',#2764);
#2660=FILL_AREA_STYLE_COLOUR('',#2764);
#2661=FILL_AREA_STYLE_COLOUR('',#2764);
#2662=FILL_AREA_STYLE_COLOUR('',#2764);
#2663=FILL_AREA_STYLE_COLOUR('',#2764);
#2664=FILL_AREA_STYLE_COLOUR('',#2765);
#2665=FILL_AREA_STYLE_COLOUR('',#2764);
#2666=FILL_AREA_STYLE_COLOUR('',#2765);
#2667=FILL_AREA_STYLE_COLOUR('',#2764);
#2668=FILL_AREA_STYLE_COLOUR('',#2764);
#2669=FILL_AREA_STYLE_COLOUR('',#2766);
#2670=FILL_AREA_STYLE_COLOUR('',#2766);
#2671=FILL_AREA_STYLE_COLOUR('',#2766);
#2672=FILL_AREA_STYLE_COLOUR('',#2766);
#2673=FILL_AREA_STYLE_COLOUR('',#2764);
#2674=FILL_AREA_STYLE_COLOUR('',#2764);
#2675=FILL_AREA_STYLE_COLOUR('',#20);
#2676=FILL_AREA_STYLE_COLOUR('',#20);
#2677=FILL_AREA_STYLE_COLOUR('',#20);
#2678=FILL_AREA_STYLE_COLOUR('',#20);
#2679=FILL_AREA_STYLE_COLOUR('',#2764);
#2680=FILL_AREA_STYLE_COLOUR('',#2764);
#2681=FILL_AREA_STYLE_COLOUR('',#2764);
#2682=FILL_AREA_STYLE_COLOUR('',#2764);
#2683=FILL_AREA_STYLE_COLOUR('',#2766);
#2684=FILL_AREA_STYLE_COLOUR('',#2766);
#2685=FILL_AREA_STYLE_COLOUR('',#2766);
#2686=FILL_AREA_STYLE_COLOUR('',#2766);
#2687=FILL_AREA_STYLE_COLOUR('',#2766);
#2688=FILL_AREA_STYLE_COLOUR('',#2766);
#2689=FILL_AREA_STYLE_COLOUR('',#2766);
#2690=FILL_AREA_STYLE_COLOUR('',#2764);
#2691=FILL_AREA_STYLE_COLOUR('',#2764);
#2692=FILL_AREA_STYLE_COLOUR('',#2764);
#2693=FILL_AREA_STYLE_COLOUR('',#2764);
#2694=FILL_AREA_STYLE_COLOUR('',#2764);
#2695=FILL_AREA_STYLE_COLOUR('',#2764);
#2696=FILL_AREA_STYLE_COLOUR('',#2764);
#2697=FILL_AREA_STYLE_COLOUR('',#2764);
#2698=FILL_AREA_STYLE_COLOUR('',#2764);
#2699=FILL_AREA_STYLE_COLOUR('',#2764);
#2700=FILL_AREA_STYLE_COLOUR('',#2764);
#2701=FILL_AREA_STYLE_COLOUR('',#2764);
#2702=FILL_AREA_STYLE_COLOUR('',#2764);
#2703=FILL_AREA_STYLE_COLOUR('',#2764);
#2704=FILL_AREA_STYLE_COLOUR('',#2764);
#2705=FILL_AREA_STYLE_COLOUR('',#2764);
#2706=FILL_AREA_STYLE_COLOUR('',#2764);
#2707=FILL_AREA_STYLE_COLOUR('',#2764);
#2708=FILL_AREA_STYLE_COLOUR('',#2764);
#2709=FILL_AREA_STYLE_COLOUR('',#2764);
#2710=FILL_AREA_STYLE_COLOUR('',#2767);
#2711=FILL_AREA_STYLE_COLOUR('',#2764);
#2712=FILL_AREA_STYLE_COLOUR('',#2764);
#2713=FILL_AREA_STYLE_COLOUR('',#2764);
#2714=FILL_AREA_STYLE_COLOUR('',#2764);
#2715=FILL_AREA_STYLE_COLOUR('',#2764);
#2716=FILL_AREA_STYLE_COLOUR('',#2764);
#2717=FILL_AREA_STYLE_COLOUR('',#2766);
#2718=FILL_AREA_STYLE_COLOUR('',#2766);
#2719=FILL_AREA_STYLE_COLOUR('',#2766);
#2720=FILL_AREA_STYLE_COLOUR('',#2766);
#2721=FILL_AREA_STYLE_COLOUR('',#2766);
#2722=FILL_AREA_STYLE_COLOUR('',#2766);
#2723=FILL_AREA_STYLE_COLOUR('',#2766);
#2724=FILL_AREA_STYLE_COLOUR('',#2766);
#2725=FILL_AREA_STYLE_COLOUR('',#2766);
#2726=FILL_AREA_STYLE_COLOUR('',#2766);
#2727=FILL_AREA_STYLE_COLOUR('',#2766);
#2728=FILL_AREA_STYLE_COLOUR('',#2767);
#2729=FILL_AREA_STYLE_COLOUR('',#2764);
#2730=FILL_AREA_STYLE_COLOUR('',#2766);
#2731=FILL_AREA_STYLE_COLOUR('',#2764);
#2732=FILL_AREA_STYLE_COLOUR('',#2767);
#2733=FILL_AREA_STYLE_COLOUR('',#2767);
#2734=FILL_AREA_STYLE_COLOUR('',#2767);
#2735=FILL_AREA_STYLE_COLOUR('',#2764);
#2736=FILL_AREA_STYLE_COLOUR('',#2764);
#2737=FILL_AREA_STYLE_COLOUR('',#2764);
#2738=FILL_AREA_STYLE_COLOUR('',#2767);
#2739=FILL_AREA_STYLE_COLOUR('',#2764);
#2740=FILL_AREA_STYLE_COLOUR('',#2764);
#2741=FILL_AREA_STYLE_COLOUR('',#2764);
#2742=FILL_AREA_STYLE_COLOUR('',#2767);
#2743=FILL_AREA_STYLE_COLOUR('',#2767);
#2744=FILL_AREA_STYLE_COLOUR('',#2767);
#2745=FILL_AREA_STYLE_COLOUR('',#2764);
#2746=FILL_AREA_STYLE_COLOUR('',#2766);
#2747=FILL_AREA_STYLE_COLOUR('',#2764);
#2748=FILL_AREA_STYLE_COLOUR('',#2766);
#2749=FILL_AREA_STYLE_COLOUR('',#2766);
#2750=FILL_AREA_STYLE_COLOUR('',#2766);
#2751=FILL_AREA_STYLE_COLOUR('',#2766);
#2752=FILL_AREA_STYLE_COLOUR('',#2767);
#2753=FILL_AREA_STYLE_COLOUR('',#2766);
#2754=FILL_AREA_STYLE_COLOUR('',#2766);
#2755=FILL_AREA_STYLE_COLOUR('',#2766);
#2756=FILL_AREA_STYLE_COLOUR('',#2766);
#2757=FILL_AREA_STYLE_COLOUR('',#2766);
#2758=FILL_AREA_STYLE_COLOUR('',#2766);
#2759=FILL_AREA_STYLE_COLOUR('',#2766);
#2760=FILL_AREA_STYLE_COLOUR('',#2766);
#2761=FILL_AREA_STYLE_COLOUR('',#2766);
#2762=FILL_AREA_STYLE_COLOUR('',#2766);
#2763=FILL_AREA_STYLE_COLOUR('',#2766);
#2764=COLOUR_RGB('',0.200000002980232,0.200000002980232,0.200000002980232);
#2765=COLOUR_RGB('',0.506983280181885,0.531564235687256,0.550000011920929);
#2766=COLOUR_RGB('',0.699999988079071,0.699999988079071,0.699999988079071);
#2767=COLOUR_RGB('',0.699999988079071,0.21000000834465,0.21000000834465);
#2768=ADVANCED_FACE('',(#1815),#1934,.T.);
#2769=ADVANCED_FACE('',(#1816),#1935,.T.);
#2770=ADVANCED_FACE('',(#1817),#1936,.T.);
#2771=ADVANCED_FACE('',(#1818),#1937,.T.);
#2772=ADVANCED_FACE('',(#1819),#1938,.T.);
#2773=ADVANCED_FACE('',(#1820),#1939,.T.);
#2774=ADVANCED_FACE('',(#1821),#1940,.F.);
#2775=ADVANCED_FACE('',(#1822),#1941,.T.);
#2776=ADVANCED_FACE('',(#1823),#1942,.F.);
#2777=ADVANCED_FACE('',(#1824),#1943,.F.);
#2778=ADVANCED_FACE('',(#1825,#1826),#1944,.T.);
#2779=ADVANCED_FACE('',(#1827),#1945,.T.);
#2780=ADVANCED_FACE('',(#1828),#1946,.T.);
#2781=ADVANCED_FACE('',(#1829),#1947,.T.);
#2782=ADVANCED_FACE('',(#1830),#1948,.T.);
#2783=ADVANCED_FACE('',(#1831,#1832),#1949,.F.);
#2784=ADVANCED_FACE('',(#1833),#57,.T.);
#2785=ADVANCED_FACE('',(#1834),#1950,.F.);
#2786=ADVANCED_FACE('',(#1835),#1951,.F.);
#2787=ADVANCED_FACE('',(#1836),#1952,.F.);
#2788=ADVANCED_FACE('',(#1837),#1953,.T.);
#2789=ADVANCED_FACE('',(#1838,#1839),#1954,.F.);
#2790=ADVANCED_FACE('',(#1840),#58,.T.);
#2791=ADVANCED_FACE('',(#1841),#1955,.F.);
#2792=ADVANCED_FACE('',(#1842),#1956,.F.);
#2793=ADVANCED_FACE('',(#1843),#59,.T.);
#2794=ADVANCED_FACE('',(#1844),#1957,.T.);
#2795=ADVANCED_FACE('',(#1845),#60,.T.);
#2796=ADVANCED_FACE('',(#1846),#61,.F.);
#2797=ADVANCED_FACE('',(#1847),#1958,.T.);
#2798=ADVANCED_FACE('',(#1848),#62,.F.);
#2799=ADVANCED_FACE('',(#1849),#1959,.T.);
#2800=ADVANCED_FACE('',(#1850),#1960,.F.);
#2801=ADVANCED_FACE('',(#1851),#1961,.F.);
#2802=ADVANCED_FACE('',(#1852),#1962,.F.);
#2803=ADVANCED_FACE('',(#1853),#1963,.F.);
#2804=ADVANCED_FACE('',(#1854),#1964,.F.);
#2805=ADVANCED_FACE('',(#1855),#63,.T.);
#2806=ADVANCED_FACE('',(#1856),#1965,.F.);
#2807=ADVANCED_FACE('',(#1857),#1966,.F.);
#2808=ADVANCED_FACE('',(#1858),#1967,.F.);
#2809=ADVANCED_FACE('',(#1859),#64,.T.);
#2810=ADVANCED_FACE('',(#1860),#1968,.F.);
#2811=ADVANCED_FACE('',(#1861),#1969,.F.);
#2812=ADVANCED_FACE('',(#1862),#1970,.F.);
#2813=ADVANCED_FACE('',(#1863),#1971,.F.);
#2814=ADVANCED_FACE('',(#1864),#1972,.F.);
#2815=ADVANCED_FACE('',(#1865),#1973,.F.);
#2816=ADVANCED_FACE('',(#1866),#65,.T.);
#2817=ADVANCED_FACE('',(#1867),#1974,.F.);
#2818=ADVANCED_FACE('',(#1868),#1975,.F.);
#2819=ADVANCED_FACE('',(#1869),#1976,.F.);
#2820=ADVANCED_FACE('',(#1870,#1871),#1977,.F.);
#2821=ADVANCED_FACE('',(#1872),#1978,.F.);
#2822=ADVANCED_FACE('',(#1873),#1979,.F.);
#2823=ADVANCED_FACE('',(#1874),#1980,.F.);
#2824=ADVANCED_FACE('',(#1875),#1981,.F.);
#2825=ADVANCED_FACE('',(#1876),#66,.T.);
#2826=ADVANCED_FACE('',(#1877),#1982,.T.);
#2827=ADVANCED_FACE('',(#1878),#67,.T.);
#2828=ADVANCED_FACE('',(#1879),#1983,.T.);
#2829=ADVANCED_FACE('',(#1880),#68,.T.);
#2830=ADVANCED_FACE('',(#1881),#69,.F.);
#2831=ADVANCED_FACE('',(#1882),#1984,.T.);
#2832=ADVANCED_FACE('',(#1883),#70,.F.);
#2833=ADVANCED_FACE('',(#1884),#1985,.T.);
#2834=ADVANCED_FACE('',(#1885),#1986,.T.);
#2835=ADVANCED_FACE('',(#1886,#1887),#1987,.T.);
#2836=ADVANCED_FACE('',(#1888),#1988,.T.);
#2837=ADVANCED_FACE('',(#1889,#1890),#1989,.F.);
#2838=ADVANCED_FACE('',(#1891),#1990,.F.);
#2839=ADVANCED_FACE('',(#1892),#1991,.F.);
#2840=ADVANCED_FACE('',(#1893),#1992,.F.);
#2841=ADVANCED_FACE('',(#1894),#1993,.F.);
#2842=ADVANCED_FACE('',(#1895),#1994,.F.);
#2843=ADVANCED_FACE('',(#1896),#1995,.F.);
#2844=ADVANCED_FACE('',(#1897),#1996,.T.);
#2845=ADVANCED_FACE('',(#1898),#1997,.F.);
#2846=ADVANCED_FACE('',(#1899),#1998,.F.);
#2847=ADVANCED_FACE('',(#1900),#1999,.F.);
#2848=ADVANCED_FACE('',(#1901),#2000,.T.);
#2849=ADVANCED_FACE('',(#1902),#2001,.F.);
#2850=ADVANCED_FACE('',(#1903),#2002,.F.);
#2851=ADVANCED_FACE('',(#1904),#2003,.F.);
#2852=ADVANCED_FACE('',(#1905),#2004,.T.);
#2853=ADVANCED_FACE('',(#1906),#2005,.F.);
#2854=ADVANCED_FACE('',(#1907),#2006,.F.);
#2855=ADVANCED_FACE('',(#1908),#2007,.F.);
#2856=ADVANCED_FACE('',(#1909),#2008,.F.);
#2857=ADVANCED_FACE('',(#1910),#2009,.F.);
#2858=ADVANCED_FACE('',(#1911),#2010,.T.);
#2859=ADVANCED_FACE('',(#1912,#1913),#2011,.T.);
#2860=ADVANCED_FACE('',(#1914),#2012,.T.);
#2861=ADVANCED_FACE('',(#1915,#1916),#2013,.F.);
#2862=ADVANCED_FACE('',(#1917,#1918,#1919,#1920),#2014,.F.);
#2863=ADVANCED_FACE('',(#1921),#2015,.T.);
#2864=ADVANCED_FACE('',(#1922),#71,.T.);
#2865=ADVANCED_FACE('',(#1923),#72,.T.);
#2866=ADVANCED_FACE('',(#1924),#2016,.T.);
#2867=ADVANCED_FACE('',(#1925,#1926),#2017,.T.);
#2868=ADVANCED_FACE('',(#1927),#2018,.T.);
#2869=ADVANCED_FACE('',(#1928),#73,.F.);
#2870=ADVANCED_FACE('',(#1929),#2019,.T.);
#2871=ADVANCED_FACE('',(#1930),#74,.F.);
#2872=ADVANCED_FACE('',(#1931,#1932),#2020,.F.);
#2873=ADVANCED_FACE('',(#1933),#2021,.T.);
#2874=CLOSED_SHELL('',(#2768,#2769,#2770,#2771,#2772,#2773,#2774,#2775,
#2776,#2777,#2778,#2779,#2780,#2781,#2782,#2783,#2784,#2785,#2786,#2787,
#2788,#2789,#2790,#2791,#2792,#2793,#2794,#2795,#2796,#2797,#2798,#2799,
#2800,#2801,#2802,#2803,#2804,#2805,#2806,#2807,#2808,#2809,#2810,#2811,
#2812,#2813,#2814,#2815,#2816,#2817,#2818,#2819,#2820,#2821,#2822,#2823,
#2824,#2825,#2826,#2827,#2828,#2829,#2830,#2831,#2832,#2833,#2834,#2835,
#2836,#2837,#2838,#2839,#2840,#2841,#2842,#2843,#2844,#2845,#2846,#2847,
#2848,#2849,#2850,#2851,#2852,#2853,#2854,#2855,#2856,#2857,#2858,#2859,
#2860,#2861,#2862,#2863,#2864,#2865,#2866,#2867,#2868,#2869,#2870,#2871,
#2872,#2873));
#2875=MANIFOLD_SOLID_BREP('',#2874);
#2876=SHAPE_DEFINITION_REPRESENTATION(#4180,#2877);
#2877=SHAPE_REPRESENTATION('SLW-105558-2A-N-D',(#2878),#4175);
#2878=AXIS2_PLACEMENT_3D('',#3570,#3021,#3022);
#2879=AXIS2_PLACEMENT_3D('',#3571,#3023,#3024);
#2880=AXIS2_PLACEMENT_3D('',#3580,#3029,#3030);
#2881=AXIS2_PLACEMENT_3D('',#3586,#3034,#3035);
#2882=AXIS2_PLACEMENT_3D('',#3592,#3039,#3040);
#2883=AXIS2_PLACEMENT_3D('',#3598,#3044,#3045);
#2884=AXIS2_PLACEMENT_3D('',#3604,#3049,#3050);
#2885=AXIS2_PLACEMENT_3D('',#3610,#3054,#3055);
#2886=AXIS2_PLACEMENT_3D('',#3616,#3059,#3060);
#2887=AXIS2_PLACEMENT_3D('',#3620,#3063,#3064);
#2888=AXIS2_PLACEMENT_3D('',#3624,#3067,#3068);
#2889=AXIS2_PLACEMENT_3D('',#3626,#3070,#3071);
#2890=AXIS2_PLACEMENT_3D('',#3635,#3076,#3077);
#2891=AXIS2_PLACEMENT_3D('',#3641,#3081,#3082);
#2892=AXIS2_PLACEMENT_3D('',#3645,#3085,#3086);
#2893=AXIS2_PLACEMENT_3D('',#3649,#3089,#3090);
#2894=AXIS2_PLACEMENT_3D('',#3651,#3092,#3093);
#2895=AXIS2_PLACEMENT_3D('',#3660,#3098,#3099);
#2896=AXIS2_PLACEMENT_3D('',#3661,#3100,#3101);
#2897=AXIS2_PLACEMENT_3D('',#3663,#3102,#3103);
#2898=AXIS2_PLACEMENT_3D('',#3666,#3105,#3106);
#2899=AXIS2_PLACEMENT_3D('',#3675,#3111,#3112);
#2900=AXIS2_PLACEMENT_3D('',#3681,#3116,#3117);
#2901=AXIS2_PLACEMENT_3D('',#3687,#3121,#3122);
#2902=AXIS2_PLACEMENT_3D('',#3690,#3125,#3126);
#2903=AXIS2_PLACEMENT_3D('',#3699,#3131,#3132);
#2904=AXIS2_PLACEMENT_3D('',#3700,#3133,#3134);
#2905=AXIS2_PLACEMENT_3D('',#3704,#3136,#3137);
#2906=AXIS2_PLACEMENT_3D('',#3705,#3138,#3139);
#2907=AXIS2_PLACEMENT_3D('',#3716,#3146,#3147);
#2908=AXIS2_PLACEMENT_3D('',#3727,#3154,#3155);
#2909=AXIS2_PLACEMENT_3D('',#3728,#3156,#3157);
#2910=AXIS2_PLACEMENT_3D('',#3733,#3159,#3160);
#2911=AXIS2_PLACEMENT_3D('',#3736,#3162,#3163);
#2912=AXIS2_PLACEMENT_3D('',#3742,#3167,#3168);
#2913=AXIS2_PLACEMENT_3D('',#3743,#3169,#3170);
#2914=AXIS2_PLACEMENT_3D('',#3745,#3171,#3172);
#2915=AXIS2_PLACEMENT_3D('',#3748,#3174,#3175);
#2916=AXIS2_PLACEMENT_3D('',#3752,#3177,#3178);
#2917=AXIS2_PLACEMENT_3D('',#3756,#3180,#3181);
#2918=AXIS2_PLACEMENT_3D('',#3757,#3182,#3183);
#2919=AXIS2_PLACEMENT_3D('',#3763,#3187,#3188);
#2920=AXIS2_PLACEMENT_3D('',#3764,#3189,#3190);
#2921=AXIS2_PLACEMENT_3D('',#3768,#3192,#3193);
#2922=AXIS2_PLACEMENT_3D('',#3769,#3194,#3195);
#2923=AXIS2_PLACEMENT_3D('',#3772,#3198,#3199);
#2924=AXIS2_PLACEMENT_3D('',#3781,#3204,#3205);
#2925=AXIS2_PLACEMENT_3D('',#3787,#3209,#3210);
#2926=AXIS2_PLACEMENT_3D('',#3793,#3214,#3215);
#2927=AXIS2_PLACEMENT_3D('',#3799,#3219,#3220);
#2928=AXIS2_PLACEMENT_3D('',#3808,#3225,#3226);
#2929=AXIS2_PLACEMENT_3D('',#3809,#3227,#3228);
#2930=AXIS2_PLACEMENT_3D('',#3813,#3230,#3231);
#2931=AXIS2_PLACEMENT_3D('',#3814,#3232,#3233);
#2932=AXIS2_PLACEMENT_3D('',#3822,#3238,#3239);
#2933=AXIS2_PLACEMENT_3D('',#3830,#3244,#3245);
#2934=AXIS2_PLACEMENT_3D('',#3839,#3250,#3251);
#2935=AXIS2_PLACEMENT_3D('',#3840,#3252,#3253);
#2936=AXIS2_PLACEMENT_3D('',#3842,#3254,#3255);
#2937=AXIS2_PLACEMENT_3D('',#3845,#3257,#3258);
#2938=AXIS2_PLACEMENT_3D('',#3854,#3263,#3264);
#2939=AXIS2_PLACEMENT_3D('',#3860,#3268,#3269);
#2940=AXIS2_PLACEMENT_3D('',#3866,#3273,#3274);
#2941=AXIS2_PLACEMENT_3D('',#3872,#3278,#3279);
#2942=AXIS2_PLACEMENT_3D('',#3878,#3283,#3284);
#2943=AXIS2_PLACEMENT_3D('',#3887,#3289,#3290);
#2944=AXIS2_PLACEMENT_3D('',#3888,#3291,#3292);
#2945=AXIS2_PLACEMENT_3D('',#3890,#3293,#3294);
#2946=AXIS2_PLACEMENT_3D('',#3893,#3296,#3297);
#2947=AXIS2_PLACEMENT_3D('',#3900,#3303,#3304);
#2948=AXIS2_PLACEMENT_3D('',#3906,#3308,#3309);
#2949=AXIS2_PLACEMENT_3D('',#3912,#3313,#3314);
#2950=AXIS2_PLACEMENT_3D('',#3918,#3318,#3319);
#2951=AXIS2_PLACEMENT_3D('',#3923,#3323,#3324);
#2952=AXIS2_PLACEMENT_3D('',#3929,#3328,#3329);
#2953=AXIS2_PLACEMENT_3D('',#3935,#3333,#3334);
#2954=AXIS2_PLACEMENT_3D('',#3944,#3339,#3340);
#2955=AXIS2_PLACEMENT_3D('',#3945,#3341,#3342);
#2956=AXIS2_PLACEMENT_3D('',#3949,#3344,#3345);
#2957=AXIS2_PLACEMENT_3D('',#3950,#3346,#3347);
#2958=AXIS2_PLACEMENT_3D('',#3955,#3352,#3353);
#2959=AXIS2_PLACEMENT_3D('',#3956,#3354,#3355);
#2960=AXIS2_PLACEMENT_3D('',#3961,#3357,#3358);
#2961=AXIS2_PLACEMENT_3D('',#3964,#3360,#3361);
#2962=AXIS2_PLACEMENT_3D('',#3970,#3365,#3366);
#2963=AXIS2_PLACEMENT_3D('',#3971,#3367,#3368);
#2964=AXIS2_PLACEMENT_3D('',#3973,#3369,#3370);
#2965=AXIS2_PLACEMENT_3D('',#3976,#3372,#3373);
#2966=AXIS2_PLACEMENT_3D('',#3980,#3375,#3376);
#2967=AXIS2_PLACEMENT_3D('',#3984,#3378,#3379);
#2968=AXIS2_PLACEMENT_3D('',#3985,#3380,#3381);
#2969=AXIS2_PLACEMENT_3D('',#3991,#3385,#3386);
#2970=AXIS2_PLACEMENT_3D('',#3992,#3387,#3388);
#2971=AXIS2_PLACEMENT_3D('',#3996,#3390,#3391);
#2972=AXIS2_PLACEMENT_3D('',#3997,#3392,#3393);
#2973=AXIS2_PLACEMENT_3D('',#4000,#3396,#3397);
#2974=AXIS2_PLACEMENT_3D('',#4006,#3401,#3402);
#2975=AXIS2_PLACEMENT_3D('',#4010,#3405,#3406);
#2976=AXIS2_PLACEMENT_3D('',#4014,#3409,#3410);
#2977=AXIS2_PLACEMENT_3D('',#4016,#3412,#3413);
#2978=AXIS2_PLACEMENT_3D('',#4022,#3417,#3418);
#2979=AXIS2_PLACEMENT_3D('',#4026,#3421,#3422);
#2980=AXIS2_PLACEMENT_3D('',#4030,#3425,#3426);
#2981=AXIS2_PLACEMENT_3D('',#4034,#3429,#3430);
#2982=AXIS2_PLACEMENT_3D('',#4038,#3433,#3434);
#2983=AXIS2_PLACEMENT_3D('',#4042,#3437,#3438);
#2984=AXIS2_PLACEMENT_3D('',#4046,#3441,#3442);
#2985=AXIS2_PLACEMENT_3D('',#4050,#3445,#3446);
#2986=AXIS2_PLACEMENT_3D('',#4054,#3449,#3450);
#2987=AXIS2_PLACEMENT_3D('',#4058,#3453,#3454);
#2988=AXIS2_PLACEMENT_3D('',#4062,#3457,#3458);
#2989=AXIS2_PLACEMENT_3D('',#4066,#3461,#3462);
#2990=AXIS2_PLACEMENT_3D('',#4070,#3465,#3466);
#2991=AXIS2_PLACEMENT_3D('',#4074,#3469,#3470);
#2992=AXIS2_PLACEMENT_3D('',#4078,#3473,#3474);
#2993=AXIS2_PLACEMENT_3D('',#4082,#3477,#3478);
#2994=AXIS2_PLACEMENT_3D('',#4086,#3481,#3482);
#2995=AXIS2_PLACEMENT_3D('',#4090,#3485,#3486);
#2996=AXIS2_PLACEMENT_3D('',#4094,#3489,#3490);
#2997=AXIS2_PLACEMENT_3D('',#4096,#3492,#3493);
#2998=AXIS2_PLACEMENT_3D('',#4102,#3497,#3498);
#2999=AXIS2_PLACEMENT_3D('',#4106,#3501,#3502);
#3000=AXIS2_PLACEMENT_3D('',#4110,#3505,#3506);
#3001=AXIS2_PLACEMENT_3D('',#4112,#3508,#3509);
#3002=AXIS2_PLACEMENT_3D('',#4121,#3514,#3515);
#3003=AXIS2_PLACEMENT_3D('',#4130,#3520,#3521);
#3004=AXIS2_PLACEMENT_3D('',#4131,#3522,#3523);
#3005=AXIS2_PLACEMENT_3D('',#4133,#3524,#3525);
#3006=AXIS2_PLACEMENT_3D('',#4136,#3527,#3528);
#3007=AXIS2_PLACEMENT_3D('',#4137,#3529,#3530);
#3008=AXIS2_PLACEMENT_3D('',#4141,#3532,#3533);
#3009=AXIS2_PLACEMENT_3D('',#4142,#3534,#3535);
#3010=AXIS2_PLACEMENT_3D('',#4145,#3538,#3539);
#3011=AXIS2_PLACEMENT_3D('',#4146,#3540,#3541);
#3012=AXIS2_PLACEMENT_3D('',#4151,#3543,#3544);
#3013=AXIS2_PLACEMENT_3D('',#4155,#3547,#3548);
#3014=AXIS2_PLACEMENT_3D('',#4161,#3552,#3553);
#3015=AXIS2_PLACEMENT_3D('',#4162,#3554,#3555);
#3016=AXIS2_PLACEMENT_3D('',#4165,#3557,#3558);
#3017=AXIS2_PLACEMENT_3D('',#4169,#3561,#3562);
#3018=AXIS2_PLACEMENT_3D('',#4170,#3563,#3564);
#3019=AXIS2_PLACEMENT_3D('',#4171,#3565,#3566);
#3020=AXIS2_PLACEMENT_3D('',#4173,#3568,#3569);
#3021=DIRECTION('',(0.,0.,1.));
#3022=DIRECTION('',(1.,0.,0.));
#3023=DIRECTION('',(0.713810145830499,0.,0.700339257581239));
#3024=DIRECTION('',(0.70033925758124,0.,-0.713810145830499));
#3025=DIRECTION('',(0.70033925758124,0.,-0.713810145830499));
#3026=DIRECTION('',(0.,1.,0.));
#3027=DIRECTION('',(0.70033925758124,0.,-0.713810145830499));
#3028=DIRECTION('',(0.,1.,0.));
#3029=DIRECTION('',(-0.743435974745819,0.,0.668807110797825));
#3030=DIRECTION('',(0.668807110797825,0.,0.743435974745819));
#3031=DIRECTION('',(0.668807110797824,0.,0.743435974745819));
#3032=DIRECTION('',(0.668807110797824,0.,0.743435974745819));
#3033=DIRECTION('',(0.,1.,0.));
#3034=DIRECTION('',(0.743435974745819,0.,0.668807110797825));
#3035=DIRECTION('',(0.668807110797825,0.,-0.743435974745819));
#3036=DIRECTION('',(0.668807110797824,0.,-0.743435974745819));
#3037=DIRECTION('',(0.668807110797824,0.,-0.743435974745819));
#3038=DIRECTION('',(0.,1.,0.));
#3039=DIRECTION('',(-0.713810145830499,0.,0.700339257581239));
#3040=DIRECTION('',(0.70033925758124,0.,0.713810145830499));
#3041=DIRECTION('',(0.70033925758124,0.,0.713810145830499));
#3042=DIRECTION('',(0.70033925758124,0.,0.713810145830499));
#3043=DIRECTION('',(0.,1.,0.));
#3044=DIRECTION('',(0.700339257581239,0.,0.7138101458305));
#3045=DIRECTION('',(0.7138101458305,0.,-0.700339257581239));
#3046=DIRECTION('',(0.,-1.,0.));
#3047=DIRECTION('',(0.7138101458305,0.,-0.700339257581239));
#3048=DIRECTION('',(0.7138101458305,0.,-0.700339257581239));
#3049=DIRECTION('',(-0.700339257581239,0.,0.7138101458305));
#3050=DIRECTION('',(0.7138101458305,0.,0.700339257581239));
#3051=DIRECTION('',(0.,1.,0.));
#3052=DIRECTION('',(0.7138101458305,0.,0.700339257581239));
#3053=DIRECTION('',(0.7138101458305,0.,0.700339257581239));
#3054=DIRECTION('',(-1.,0.,0.));
#3055=DIRECTION('',(0.,0.,1.));
#3056=DIRECTION('',(0.,0.,1.));
#3057=DIRECTION('',(0.,0.,1.));
#3058=DIRECTION('',(0.,1.,0.));
#3059=DIRECTION('',(0.,1.,0.));
#3060=DIRECTION('',(0.,0.,1.));
#3061=DIRECTION('',(0.,0.,-1.));
#3062=DIRECTION('',(-1.,-1.6150564016732E-16,-2.11991513617073E-16));
#3063=DIRECTION('',(1.,0.,0.));
#3064=DIRECTION('',(0.,0.,-1.));
#3065=DIRECTION('',(0.,1.,0.));
#3066=DIRECTION('',(0.,0.,-1.));
#3067=DIRECTION('',(0.,1.,0.));
#3068=DIRECTION('',(0.,0.,1.));
#3069=DIRECTION('',(1.,0.,2.11991513617073E-16));
#3070=DIRECTION('',(-2.11991513617073E-16,0.,1.));
#3071=DIRECTION('',(1.,0.,2.11991513617073E-16));
#3072=DIRECTION('',(-1.,0.,-2.11991513617073E-16));
#3073=DIRECTION('',(0.,-1.,0.));
#3074=DIRECTION('',(1.,0.,2.11991513617073E-16));
#3075=DIRECTION('',(0.,1.,0.));
#3076=DIRECTION('',(1.,0.,2.11693629166783E-16));
#3077=DIRECTION('',(2.11693629166783E-16,0.,-1.));
#3078=DIRECTION('',(0.,-1.,0.));
#3079=DIRECTION('',(2.11693629166783E-16,0.,-1.));
#3080=DIRECTION('',(2.11693629166783E-16,0.,-1.));
#3081=DIRECTION('',(0.,1.,0.));
#3082=DIRECTION('',(0.,0.,1.));
#3083=DIRECTION('',(1.,0.,2.11991513617073E-16));
#3084=DIRECTION('',(2.11693629166783E-16,0.,-1.));
#3085=DIRECTION('',(-1.,0.,-2.11693629166783E-16));
#3086=DIRECTION('',(-2.11693629166783E-16,0.,1.));
#3087=DIRECTION('',(0.,1.,0.));
#3088=DIRECTION('',(2.11693629166783E-16,0.,-1.));
#3089=DIRECTION('',(0.,-1.,0.));
#3090=DIRECTION('',(0.,0.,-1.));
#3091=DIRECTION('',(-1.,0.,-2.11991513617073E-16));
#3092=DIRECTION('',(2.11991513617073E-16,0.,-1.));
#3093=DIRECTION('',(-1.,0.,-2.11991513617073E-16));
#3094=DIRECTION('',(0.,1.,0.));
#3095=DIRECTION('',(-1.,0.,-2.11991513617073E-16));
#3096=DIRECTION('',(0.,1.,0.));
#3097=DIRECTION('',(-1.,0.,-2.11991513617073E-16));
#3098=DIRECTION('',(-1.,0.,-2.11991513617073E-16));
#3099=DIRECTION('',(-2.11991513617073E-16,0.,1.));
#3100=DIRECTION('',(-1.,0.,0.));
#3101=DIRECTION('',(0.,0.,1.));
#3102=DIRECTION('',(1.,0.,2.91550164029716E-16));
#3103=DIRECTION('',(2.91550164029716E-16,0.,-1.));
#3104=DIRECTION('',(-1.,0.,-2.11991513617073E-16));
#3105=DIRECTION('',(0.,-1.,1.08374231228793E-16));
#3106=DIRECTION('',(0.,-1.08374231228793E-16,-1.));
#3107=DIRECTION('',(6.63578860766977E-33,1.08374231228793E-16,1.));
#3108=DIRECTION('',(1.,0.,0.));
#3109=DIRECTION('',(6.63578860766977E-33,1.08374231228793E-16,1.));
#3110=DIRECTION('',(-1.,0.,0.));
#3111=DIRECTION('',(1.,-6.12303176911189E-17,0.));
#3112=DIRECTION('',(6.12303176911189E-17,1.,0.));
#3113=DIRECTION('',(-6.63578860766977E-33,-1.08374231228793E-16,-1.));
#3114=DIRECTION('',(6.12303176911189E-17,1.,0.));
#3115=DIRECTION('',(6.12303176911189E-17,1.,-2.03829439752593E-16));
#3116=DIRECTION('',(0.,1.,-1.08374231228793E-16));
#3117=DIRECTION('',(0.,1.08374231228793E-16,1.));
#3118=DIRECTION('',(-6.63578860766977E-33,-1.08374231228793E-16,-1.));
#3119=DIRECTION('',(-1.,0.,0.));
#3120=DIRECTION('',(-1.,0.,0.));
#3121=DIRECTION('',(1.,-6.12303176911189E-17,0.));
#3122=DIRECTION('',(6.12303176911189E-17,1.,0.));
#3123=DIRECTION('',(6.12303176911189E-17,1.,0.));
#3124=DIRECTION('',(6.12303176911189E-17,1.,-2.03829439752593E-16));
#3125=DIRECTION('',(0.,0.,1.));
#3126=DIRECTION('',(1.,0.,0.));
#3127=DIRECTION('',(-1.,0.,0.));
#3128=DIRECTION('',(0.,1.,0.));
#3129=DIRECTION('',(-1.,0.,0.));
#3130=DIRECTION('',(0.,-1.,0.));
#3131=DIRECTION('',(1.,0.,2.11991513617073E-16));
#3132=DIRECTION('',(2.11991513617073E-16,0.,-1.));
#3133=DIRECTION('',(-1.,0.,0.));
#3134=DIRECTION('',(0.,0.,1.));
#3135=DIRECTION('',(-1.,0.,-2.11991513617073E-16));
#3136=DIRECTION('',(1.,0.,2.91550164029716E-16));
#3137=DIRECTION('',(2.91550164029716E-16,0.,-1.));
#3138=DIRECTION('',(1.,0.,2.91550164029716E-16));
#3139=DIRECTION('',(2.91550164029716E-16,0.,-1.));
#3140=DIRECTION('',(2.91550164029716E-16,0.,-1.));
#3141=DIRECTION('',(0.,-1.,0.));
#3142=DIRECTION('',(-2.91550164029716E-16,0.,1.));
#3143=DIRECTION('',(2.91550164029716E-16,2.40222225316068E-16,-1.));
#3144=DIRECTION('',(0.,-1.,0.));
#3145=DIRECTION('',(2.91550164029716E-16,0.,-1.));
#3146=DIRECTION('',(-1.,0.,0.));
#3147=DIRECTION('',(0.,0.,1.));
#3148=DIRECTION('',(0.,-1.,-3.11910938442807E-15));
#3149=DIRECTION('',(0.,0.,1.));
#3150=DIRECTION('',(0.,0.,1.));
#3151=DIRECTION('',(0.,1.,3.11910938442806E-15));
#3152=DIRECTION('',(0.,-2.40222225316068E-16,1.));
#3153=DIRECTION('',(0.,0.,-1.));
#3154=DIRECTION('',(0.,1.,0.));
#3155=DIRECTION('',(0.,0.,1.));
#3156=DIRECTION('',(0.,1.,0.));
#3157=DIRECTION('',(0.,0.,1.));
#3158=DIRECTION('',(0.,1.,0.));
#3159=DIRECTION('',(0.,1.,0.));
#3160=DIRECTION('',(0.,0.,1.));
#3161=DIRECTION('',(0.,-1.,0.));
#3162=DIRECTION('',(0.,0.,-1.));
#3163=DIRECTION('',(-1.,0.,0.));
#3164=DIRECTION('',(-1.,0.,0.));
#3165=DIRECTION('',(-1.,0.,0.));
#3166=DIRECTION('',(0.,1.,0.));
#3167=DIRECTION('',(0.,1.,0.));
#3168=DIRECTION('',(0.,0.,1.));
#3169=DIRECTION('',(0.,1.,0.));
#3170=DIRECTION('',(0.,0.,1.));
#3171=DIRECTION('',(0.,1.,0.));
#3172=DIRECTION('',(0.,0.,1.));
#3173=DIRECTION('',(0.,-1.,0.));
#3174=DIRECTION('',(0.,1.,0.));
#3175=DIRECTION('',(0.,0.,1.));
#3176=DIRECTION('',(0.,1.,0.));
#3177=DIRECTION('',(0.,1.,0.));
#3178=DIRECTION('',(0.,0.,1.));
#3179=DIRECTION('',(0.,1.,0.));
#3180=DIRECTION('',(0.,1.,0.));
#3181=DIRECTION('',(0.,0.,1.));
#3182=DIRECTION('',(1.,0.,0.));
#3183=DIRECTION('',(0.,0.,-1.));
#3184=DIRECTION('',(0.,0.,-1.));
#3185=DIRECTION('',(0.,1.,0.));
#3186=DIRECTION('',(0.,0.,-1.));
#3187=DIRECTION('',(0.,1.,0.));
#3188=DIRECTION('',(0.,0.,1.));
#3189=DIRECTION('',(0.,1.,0.));
#3190=DIRECTION('',(0.,0.,1.));
#3191=DIRECTION('',(0.,1.,0.));
#3192=DIRECTION('',(0.,1.,0.));
#3193=DIRECTION('',(0.,0.,1.));
#3194=DIRECTION('',(-1.,0.,0.));
#3195=DIRECTION('',(0.,0.,1.));
#3196=DIRECTION('',(0.,0.,1.));
#3197=DIRECTION('',(0.,0.,1.));
#3198=DIRECTION('',(1.,0.,0.));
#3199=DIRECTION('',(0.,0.,-1.));
#3200=DIRECTION('',(0.,1.,0.));
#3201=DIRECTION('',(0.,0.,1.));
#3202=DIRECTION('',(0.,1.,0.));
#3203=DIRECTION('',(0.,0.,-1.));
#3204=DIRECTION('',(-3.86666926168509E-16,0.,1.));
#3205=DIRECTION('',(1.,0.,3.86666926168509E-16));
#3206=DIRECTION('',(-1.,0.,-3.86666926168509E-16));
#3207=DIRECTION('',(0.,1.,0.));
#3208=DIRECTION('',(1.,0.,3.86666926168509E-16));
#3209=DIRECTION('',(-1.,0.,-7.45017780420093E-16));
#3210=DIRECTION('',(-7.45017780420093E-16,0.,1.));
#3211=DIRECTION('',(7.45017780420093E-16,0.,-1.));
#3212=DIRECTION('',(0.,1.,0.));
#3213=DIRECTION('',(-7.45017780420093E-16,0.,1.));
#3214=DIRECTION('',(-8.19378490553166E-16,0.,1.));
#3215=DIRECTION('',(1.,0.,8.19378490553166E-16));
#3216=DIRECTION('',(-1.,0.,-8.19378490553166E-16));
#3217=DIRECTION('',(0.,1.,0.));
#3218=DIRECTION('',(1.,0.,8.19378490553166E-16));
#3219=DIRECTION('',(0.,0.,1.));
#3220=DIRECTION('',(1.,0.,0.));
#3221=DIRECTION('',(0.,1.,0.));
#3222=DIRECTION('',(1.,0.,0.));
#3223=DIRECTION('',(0.,1.,0.));
#3224=DIRECTION('',(-1.,0.,0.));
#3225=DIRECTION('',(-1.,0.,0.));
#3226=DIRECTION('',(0.,0.,1.));
#3227=DIRECTION('',(1.,0.,0.));
#3228=DIRECTION('',(0.,0.,-1.));
#3229=DIRECTION('',(1.,0.,0.));
#3230=DIRECTION('',(-1.,0.,0.));
#3231=DIRECTION('',(0.,0.,1.));
#3232=DIRECTION('',(0.,0.,1.));
#3233=DIRECTION('',(1.,0.,0.));
#3234=DIRECTION('',(-1.,0.,0.));
#3235=DIRECTION('',(1.,0.,0.));
#3236=DIRECTION('',(1.,0.,0.));
#3237=DIRECTION('',(0.,1.,0.));
#3238=DIRECTION('',(0.,0.,1.));
#3239=DIRECTION('',(1.,0.,0.));
#3240=DIRECTION('',(1.,0.,0.));
#3241=DIRECTION('',(1.,0.,0.));
#3242=DIRECTION('',(1.,0.,0.));
#3243=DIRECTION('',(0.,1.,0.));
#3244=DIRECTION('',(0.,0.,1.));
#3245=DIRECTION('',(1.,0.,0.));
#3246=DIRECTION('',(0.,1.,0.));
#3247=DIRECTION('',(1.,0.,0.));
#3248=DIRECTION('',(0.,1.,0.));
#3249=DIRECTION('',(1.,0.,0.));
#3250=DIRECTION('',(1.,0.,0.));
#3251=DIRECTION('',(0.,0.,-1.));
#3252=DIRECTION('',(1.,0.,0.));
#3253=DIRECTION('',(0.,0.,-1.));
#3254=DIRECTION('',(-1.,0.,0.));
#3255=DIRECTION('',(0.,0.,1.));
#3256=DIRECTION('',(1.,0.,0.));
#3257=DIRECTION('',(-8.19378490553166E-16,0.,1.));
#3258=DIRECTION('',(1.,0.,8.19378490553166E-16));
#3259=DIRECTION('',(0.,1.,0.));
#3260=DIRECTION('',(1.,-1.96832924376802E-31,8.19378490553166E-16));
#3261=DIRECTION('',(0.,1.,0.));
#3262=DIRECTION('',(1.,0.,8.19378490553166E-16));
#3263=DIRECTION('',(-1.,0.,-7.45017780420093E-16));
#3264=DIRECTION('',(-7.45017780420093E-16,0.,1.));
#3265=DIRECTION('',(-7.45017780420093E-16,-2.40222225316068E-16,1.));
#3266=DIRECTION('',(0.,1.,0.));
#3267=DIRECTION('',(-7.45017780420093E-16,0.,1.));
#3268=DIRECTION('',(-3.86666926168509E-16,0.,1.));
#3269=DIRECTION('',(1.,0.,3.86666926168509E-16));
#3270=DIRECTION('',(1.,-9.28859894603231E-32,3.86666926168509E-16));
#3271=DIRECTION('',(0.,1.,0.));
#3272=DIRECTION('',(1.,0.,-1.93333463084255E-16));
#3273=DIRECTION('',(1.,0.,0.));
#3274=DIRECTION('',(0.,0.,-1.));
#3275=DIRECTION('',(0.,2.40222225316068E-16,-1.));
#3276=DIRECTION('',(0.,1.,0.));
#3277=DIRECTION('',(0.,0.,-1.));
#3278=DIRECTION('',(0.,0.,1.));
#3279=DIRECTION('',(1.,0.,0.));
#3280=DIRECTION('',(1.,0.,0.));
#3281=DIRECTION('',(0.,1.,0.));
#3282=DIRECTION('',(1.,0.,0.));
#3283=DIRECTION('',(0.,0.,1.));
#3284=DIRECTION('',(1.,0.,0.));
#3285=DIRECTION('',(0.,1.,0.));
#3286=DIRECTION('',(1.,0.,0.));
#3287=DIRECTION('',(0.,1.,0.));
#3288=DIRECTION('',(1.,0.,0.));
#3289=DIRECTION('',(1.,0.,0.));
#3290=DIRECTION('',(0.,0.,-1.));
#3291=DIRECTION('',(1.,0.,0.));
#3292=DIRECTION('',(0.,0.,-1.));
#3293=DIRECTION('',(-1.,0.,0.));
#3294=DIRECTION('',(0.,0.,1.));
#3295=DIRECTION('',(1.,0.,0.));
#3296=DIRECTION('',(0.,1.,0.));
#3297=DIRECTION('',(0.,0.,1.));
#3298=DIRECTION('',(1.,0.,0.));
#3299=DIRECTION('',(0.,0.,-1.));
#3300=DIRECTION('',(0.,0.,1.));
#3301=DIRECTION('',(0.,0.,-1.));
#3302=DIRECTION('',(0.,0.,1.));
#3303=DIRECTION('',(0.,0.,1.));
#3304=DIRECTION('',(1.,0.,0.));
#3305=DIRECTION('',(1.,0.,0.));
#3306=DIRECTION('',(-1.,0.,4.79030120515616E-16));
#3307=DIRECTION('',(0.,1.,0.));
#3308=DIRECTION('',(0.,-1.,-2.40222225316068E-16));
#3309=DIRECTION('',(0.,2.40222225316068E-16,-1.));
#3310=DIRECTION('',(0.,0.,1.));
#3311=DIRECTION('',(-1.,0.,-1.61196263335688E-16));
#3312=DIRECTION('',(0.,0.,-1.));
#3313=DIRECTION('',(1.61196263335688E-16,0.,-1.));
#3314=DIRECTION('',(-1.,0.,-1.61196263335688E-16));
#3315=DIRECTION('',(-1.,0.,-1.61196263335688E-16));
#3316=DIRECTION('',(0.,1.,0.));
#3317=DIRECTION('',(0.,1.,0.));
#3318=DIRECTION('',(0.,1.,0.));
#3319=DIRECTION('',(0.,0.,1.));
#3320=DIRECTION('',(-1.,0.,4.79030120515616E-16));
#3321=DIRECTION('',(0.,0.,-1.));
#3322=DIRECTION('',(0.,0.,1.));
#3323=DIRECTION('',(0.,0.,1.));
#3324=DIRECTION('',(1.,0.,0.));
#3325=DIRECTION('',(1.,0.,0.));
#3326=DIRECTION('',(-1.,0.,0.));
#3327=DIRECTION('',(0.,1.,0.));
#3328=DIRECTION('',(0.,0.,1.));
#3329=DIRECTION('',(1.,0.,0.));
#3330=DIRECTION('',(0.,1.,0.));
#3331=DIRECTION('',(-1.,0.,0.));
#3332=DIRECTION('',(1.,0.,0.));
#3333=DIRECTION('',(0.,0.,1.));
#3334=DIRECTION('',(1.,0.,0.));
#3335=DIRECTION('',(0.,1.,0.));
#3336=DIRECTION('',(1.,0.,0.));
#3337=DIRECTION('',(0.,1.,0.));
#3338=DIRECTION('',(-1.,0.,0.));
#3339=DIRECTION('',(-1.,0.,0.));
#3340=DIRECTION('',(0.,0.,1.));
#3341=DIRECTION('',(1.,0.,0.));
#3342=DIRECTION('',(0.,0.,-1.));
#3343=DIRECTION('',(1.,0.,0.));
#3344=DIRECTION('',(-1.,0.,0.));
#3345=DIRECTION('',(0.,0.,1.));
#3346=DIRECTION('',(0.,1.,0.));
#3347=DIRECTION('',(0.,0.,1.));
#3348=DIRECTION('',(0.,0.,1.));
#3349=DIRECTION('',(0.,0.,-1.));
#3350=DIRECTION('',(0.,0.,1.));
#3351=DIRECTION('',(0.,0.,-1.));
#3352=DIRECTION('',(0.,1.,0.));
#3353=DIRECTION('',(0.,0.,1.));
#3354=DIRECTION('',(0.,1.,0.));
#3355=DIRECTION('',(0.,0.,1.));
#3356=DIRECTION('',(0.,1.,0.));
#3357=DIRECTION('',(0.,1.,0.));
#3358=DIRECTION('',(0.,0.,1.));
#3359=DIRECTION('',(0.,-1.,0.));
#3360=DIRECTION('',(0.,0.,-1.));
#3361=DIRECTION('',(-1.,0.,0.));
#3362=DIRECTION('',(-1.,0.,0.));
#3363=DIRECTION('',(-1.,0.,0.));
#3364=DIRECTION('',(0.,1.,0.));
#3365=DIRECTION('',(0.,1.,0.));
#3366=DIRECTION('',(0.,0.,1.));
#3367=DIRECTION('',(0.,1.,0.));
#3368=DIRECTION('',(0.,0.,1.));
#3369=DIRECTION('',(0.,1.,0.));
#3370=DIRECTION('',(0.,0.,1.));
#3371=DIRECTION('',(0.,-1.,0.));
#3372=DIRECTION('',(0.,1.,0.));
#3373=DIRECTION('',(0.,0.,1.));
#3374=DIRECTION('',(0.,1.,0.));
#3375=DIRECTION('',(0.,1.,0.));
#3376=DIRECTION('',(0.,0.,1.));
#3377=DIRECTION('',(0.,1.,0.));
#3378=DIRECTION('',(0.,1.,0.));
#3379=DIRECTION('',(0.,0.,1.));
#3380=DIRECTION('',(1.,0.,0.));
#3381=DIRECTION('',(0.,0.,-1.));
#3382=DIRECTION('',(0.,0.,-1.));
#3383=DIRECTION('',(0.,1.,0.));
#3384=DIRECTION('',(0.,0.,-1.));
#3385=DIRECTION('',(0.,1.,0.));
#3386=DIRECTION('',(0.,0.,1.));
#3387=DIRECTION('',(0.,1.,0.));
#3388=DIRECTION('',(0.,0.,1.));
#3389=DIRECTION('',(0.,1.,0.));
#3390=DIRECTION('',(0.,1.,0.));
#3391=DIRECTION('',(0.,0.,1.));
#3392=DIRECTION('',(-1.,0.,0.));
#3393=DIRECTION('',(0.,0.,1.));
#3394=DIRECTION('',(0.,0.,1.));
#3395=DIRECTION('',(0.,0.,1.));
#3396=DIRECTION('',(-1.,0.,0.));
#3397=DIRECTION('',(0.,0.,1.));
#3398=DIRECTION('',(0.,-1.,0.));
#3399=DIRECTION('',(0.,0.,1.));
#3400=DIRECTION('',(0.,0.,1.));
#3401=DIRECTION('',(0.,1.,0.));
#3402=DIRECTION('',(0.,0.,1.));
#3403=DIRECTION('',(-1.,0.,0.));
#3404=DIRECTION('',(0.,0.,-1.));
#3405=DIRECTION('',(1.,0.,0.));
#3406=DIRECTION('',(0.,0.,-1.));
#3407=DIRECTION('',(0.,1.,0.));
#3408=DIRECTION('',(0.,0.,-1.));
#3409=DIRECTION('',(0.,1.,0.));
#3410=DIRECTION('',(0.,0.,1.));
#3411=DIRECTION('',(-1.,0.,0.));
#3412=DIRECTION('',(0.,-1.,0.));
#3413=DIRECTION('',(0.,0.,-1.));
#3414=DIRECTION('',(0.,0.,-1.));
#3415=DIRECTION('',(0.,0.,1.));
#3416=DIRECTION('',(1.,0.,0.));
#3417=DIRECTION('',(-1.,0.,0.));
#3418=DIRECTION('',(0.,0.,1.));
#3419=DIRECTION('',(0.,1.,0.));
#3420=DIRECTION('',(0.,0.,-1.));
#3421=DIRECTION('',(0.,1.,0.));
#3422=DIRECTION('',(0.,0.,1.));
#3423=DIRECTION('',(0.,0.,1.));
#3424=DIRECTION('',(1.,0.,0.));
#3425=DIRECTION('',(1.,0.,0.));
#3426=DIRECTION('',(0.,0.,-1.));
#3427=DIRECTION('',(0.,1.,0.));
#3428=DIRECTION('',(0.,0.,1.));
#3429=DIRECTION('',(0.,-1.,0.));
#3430=DIRECTION('',(0.,0.,-1.));
#3431=DIRECTION('',(1.,0.,0.));
#3432=DIRECTION('',(0.,0.,-1.));
#3433=DIRECTION('',(1.,0.,0.));
#3434=DIRECTION('',(0.,0.,-1.));
#3435=DIRECTION('',(0.,1.,0.));
#3436=DIRECTION('',(0.,0.,-1.));
#3437=DIRECTION('',(0.,-1.,0.));
#3438=DIRECTION('',(0.,0.,-1.));
#3439=DIRECTION('',(1.,0.,0.));
#3440=DIRECTION('',(0.,2.40222225316068E-16,-1.));
#3441=DIRECTION('',(1.,0.,0.));
#3442=DIRECTION('',(0.,0.,-1.));
#3443=DIRECTION('',(0.,-1.,-2.40222225316068E-16));
#3444=DIRECTION('',(0.,2.40222225316068E-16,-1.));
#3445=DIRECTION('',(0.,-1.,-2.40222225316068E-16));
#3446=DIRECTION('',(0.,2.40222225316068E-16,-1.));
#3447=DIRECTION('',(-1.,0.,0.));
#3448=DIRECTION('',(0.,-2.40222225316068E-16,1.));
#3449=DIRECTION('',(-1.,0.,0.));
#3450=DIRECTION('',(0.,0.,1.));
#3451=DIRECTION('',(0.,-1.,-2.40222225316068E-16));
#3452=DIRECTION('',(0.,-2.40222225316068E-16,1.));
#3453=DIRECTION('',(0.,-1.,0.));
#3454=DIRECTION('',(0.,0.,-1.));
#3455=DIRECTION('',(0.,2.40222225316068E-16,-1.));
#3456=DIRECTION('',(1.,0.,0.));
#3457=DIRECTION('',(1.,0.,0.));
#3458=DIRECTION('',(0.,0.,-1.));
#3459=DIRECTION('',(0.,-1.,-2.40222225316068E-16));
#3460=DIRECTION('',(0.,2.40222225316068E-16,-1.));
#3461=DIRECTION('',(0.,-1.,-2.40222225316068E-16));
#3462=DIRECTION('',(0.,2.40222225316068E-16,-1.));
#3463=DIRECTION('',(-1.,0.,0.));
#3464=DIRECTION('',(0.,-2.40222225316068E-16,1.));
#3465=DIRECTION('',(-1.,0.,0.));
#3466=DIRECTION('',(0.,0.,1.));
#3467=DIRECTION('',(0.,-1.,-2.40222225316068E-16));
#3468=DIRECTION('',(0.,-2.40222225316068E-16,1.));
#3469=DIRECTION('',(0.,-1.,0.));
#3470=DIRECTION('',(0.,0.,-1.));
#3471=DIRECTION('',(1.,0.,0.));
#3472=DIRECTION('',(0.,0.,1.));
#3473=DIRECTION('',(-1.,0.,0.));
#3474=DIRECTION('',(0.,0.,1.));
#3475=DIRECTION('',(0.,0.,1.));
#3476=DIRECTION('',(0.,1.,0.));
#3477=DIRECTION('',(0.,-1.,0.));
#3478=DIRECTION('',(0.,0.,-1.));
#3479=DIRECTION('',(1.,0.,0.));
#3480=DIRECTION('',(0.,0.,-1.));
#3481=DIRECTION('',(-1.,0.,0.));
#3482=DIRECTION('',(0.,0.,1.));
#3483=DIRECTION('',(0.,1.,0.));
#3484=DIRECTION('',(0.,0.,-1.));
#3485=DIRECTION('',(0.,1.,0.));
#3486=DIRECTION('',(0.,0.,1.));
#3487=DIRECTION('',(0.,0.,1.));
#3488=DIRECTION('',(1.,0.,0.));
#3489=DIRECTION('',(1.,0.,0.));
#3490=DIRECTION('',(0.,0.,-1.));
#3491=DIRECTION('',(0.,1.,0.));
#3492=DIRECTION('',(-1.,0.,0.));
#3493=DIRECTION('',(0.,0.,1.));
#3494=DIRECTION('',(0.,-1.,0.));
#3495=DIRECTION('',(0.,0.,1.));
#3496=DIRECTION('',(0.,0.,1.));
#3497=DIRECTION('',(0.,1.,0.));
#3498=DIRECTION('',(0.,0.,1.));
#3499=DIRECTION('',(-1.,0.,0.));
#3500=DIRECTION('',(0.,0.,-1.));
#3501=DIRECTION('',(1.,0.,0.));
#3502=DIRECTION('',(0.,0.,-1.));
#3503=DIRECTION('',(0.,1.,0.));
#3504=DIRECTION('',(0.,0.,-1.));
#3505=DIRECTION('',(0.,1.,0.));
#3506=DIRECTION('',(0.,0.,1.));
#3507=DIRECTION('',(-1.,0.,0.));
#3508=DIRECTION('',(0.,0.,1.));
#3509=DIRECTION('',(1.,0.,0.));
#3510=DIRECTION('',(-1.,0.,0.));
#3511=DIRECTION('',(0.,-1.,0.));
#3512=DIRECTION('',(-1.,0.,0.));
#3513=DIRECTION('',(0.,1.,0.));
#3514=DIRECTION('',(0.,0.,-1.));
#3515=DIRECTION('',(-1.,0.,0.));
#3516=DIRECTION('',(-1.,0.,0.));
#3517=DIRECTION('',(0.,-1.,0.));
#3518=DIRECTION('',(-1.,0.,0.));
#3519=DIRECTION('',(0.,1.,0.));
#3520=DIRECTION('',(0.,1.,0.));
#3521=DIRECTION('',(0.,0.,1.));
#3522=DIRECTION('',(0.,1.,0.));
#3523=DIRECTION('',(0.,0.,1.));
#3524=DIRECTION('',(0.,1.,0.));
#3525=DIRECTION('',(0.,0.,1.));
#3526=DIRECTION('',(0.,-1.,0.));
#3527=DIRECTION('',(0.,1.,0.));
#3528=DIRECTION('',(0.,0.,1.));
#3529=DIRECTION('',(0.,1.,0.));
#3530=DIRECTION('',(0.,0.,1.));
#3531=DIRECTION('',(0.,1.,0.));
#3532=DIRECTION('',(0.,1.,0.));
#3533=DIRECTION('',(0.,0.,1.));
#3534=DIRECTION('',(-1.,0.,0.));
#3535=DIRECTION('',(0.,0.,1.));
#3536=DIRECTION('',(0.,0.,1.));
#3537=DIRECTION('',(0.,0.,1.));
#3538=DIRECTION('',(0.,1.,0.));
#3539=DIRECTION('',(0.,0.,1.));
#3540=DIRECTION('',(0.,1.,0.));
#3541=DIRECTION('',(0.,0.,1.));
#3542=DIRECTION('',(0.,0.,1.));
#3543=DIRECTION('',(0.,1.,0.));
#3544=DIRECTION('',(0.,0.,1.));
#3545=DIRECTION('',(0.,0.,-1.));
#3546=DIRECTION('',(0.,0.,-1.));
#3547=DIRECTION('',(-1.,0.,0.));
#3548=DIRECTION('',(0.,0.,1.));
#3549=DIRECTION('',(0.,1.,0.));
#3550=DIRECTION('',(0.,0.,1.));
#3551=DIRECTION('',(0.,1.,0.));
#3552=DIRECTION('',(0.,1.,0.));
#3553=DIRECTION('',(0.,0.,1.));
#3554=DIRECTION('',(0.,1.,0.));
#3555=DIRECTION('',(0.,0.,1.));
#3556=DIRECTION('',(0.,1.,0.));
#3557=DIRECTION('',(1.,0.,0.));
#3558=DIRECTION('',(0.,0.,-1.));
#3559=DIRECTION('',(0.,0.,-1.));
#3560=DIRECTION('',(0.,1.,0.));
#3561=DIRECTION('',(0.,1.,0.));
#3562=DIRECTION('',(0.,0.,1.));
#3563=DIRECTION('',(0.,1.,0.));
#3564=DIRECTION('',(0.,0.,1.));
#3565=DIRECTION('',(0.,1.,0.));
#3566=DIRECTION('',(0.,0.,1.));
#3567=DIRECTION('',(0.,0.,-1.));
#3568=DIRECTION('',(1.,0.,0.));
#3569=DIRECTION('',(0.,0.,-1.));
#3570=CARTESIAN_POINT('',(0.,0.,0.));
#3571=CARTESIAN_POINT('',(-2.75803595584966,-1.9,12.1375109832839));
#3572=CARTESIAN_POINT('',(-2.75803595584966,1.5,12.1375109832839));
#3573=CARTESIAN_POINT('',(-2.75803595584966,1.5,12.1375109832839));
#3574=CARTESIAN_POINT('',(-2.28170960335793,1.5,11.6520225868325));
#3575=CARTESIAN_POINT('',(-2.75803595584966,-1.9,12.1375109832839));
#3576=CARTESIAN_POINT('',(-2.75803595584966,-1.5,12.1375109832839));
#3577=CARTESIAN_POINT('',(-2.75803595584966,-1.5,12.1375109832839));
#3578=CARTESIAN_POINT('',(-2.28170960335793,-1.5,11.6520225868325));
#3579=CARTESIAN_POINT('',(-2.28170960335793,-1.9,11.6520225868325));
#3580=CARTESIAN_POINT('',(-2.28170960335793,-1.9,11.6520225868325));
#3581=CARTESIAN_POINT('',(-2.28170960335793,1.5,11.6520225868325));
#3582=CARTESIAN_POINT('',(-1.68581339305414,1.5,12.314411895801));
#3583=CARTESIAN_POINT('',(-2.28170960335793,-1.5,11.6520225868325));
#3584=CARTESIAN_POINT('',(-1.68581339305414,-1.5,12.314411895801));
#3585=CARTESIAN_POINT('',(-1.68581339305414,-1.9,12.314411895801));
#3586=CARTESIAN_POINT('',(-1.08991718275035,-1.9,11.6520225868325));
#3587=CARTESIAN_POINT('',(-1.08991718275035,1.5,11.6520225868325));
#3588=CARTESIAN_POINT('',(-1.08991718275035,1.5,11.6520225868325));
#3589=CARTESIAN_POINT('',(-1.08991718275035,-1.5,11.6520225868325));
#3590=CARTESIAN_POINT('',(-1.08991718275035,-1.5,11.6520225868325));
#3591=CARTESIAN_POINT('',(-1.08991718275035,-1.9,11.6520225868325));
#3592=CARTESIAN_POINT('',(-0.613590830258614,-1.9,12.1375109832839));
#3593=CARTESIAN_POINT('',(-0.613590830258614,1.5,12.1375109832839));
#3594=CARTESIAN_POINT('',(-0.613590830258614,1.5,12.1375109832839));
#3595=CARTESIAN_POINT('',(-0.613590830258614,-1.5,12.1375109832839));
#3596=CARTESIAN_POINT('',(-0.613590830258614,-1.5,12.1375109832839));
#3597=CARTESIAN_POINT('',(-0.613590830258614,-1.9,12.1375109832839));
#3598=CARTESIAN_POINT('',(0.11737722563051,-1.9,11.4203376164338));
#3599=CARTESIAN_POINT('',(-0.185813393054137,-1.9,11.7178064798781));
#3600=CARTESIAN_POINT('',(-0.185813393054137,1.5,11.7178064798781));
#3601=CARTESIAN_POINT('',(-0.185813393054137,-1.5,11.7178064798781));
#3602=CARTESIAN_POINT('',(0.11737722563051,1.5,11.4203376164338));
#3603=CARTESIAN_POINT('',(0.11737722563051,-1.5,11.4203376164338));
#3604=CARTESIAN_POINT('',(-3.48900401173879,-1.9,11.4203376164338));
#3605=CARTESIAN_POINT('',(-3.18581339305414,-1.9,11.7178064798781));
#3606=CARTESIAN_POINT('',(-3.18581339305414,-1.5,11.7178064798781));
#3607=CARTESIAN_POINT('',(-3.18581339305414,1.5,11.7178064798781));
#3608=CARTESIAN_POINT('',(-3.48900401173879,-1.5,11.4203376164338));
#3609=CARTESIAN_POINT('',(-3.48900401173879,1.5,11.4203376164338));
#3610=CARTESIAN_POINT('',(-0.185813393054137,-1.98494784959828,17.3510919418509));
#3611=CARTESIAN_POINT('',(-0.185813393054137,1.5,-1.57817026688458));
#3612=CARTESIAN_POINT('',(-0.185813393054137,1.5,9.98026448125117));
#3613=CARTESIAN_POINT('',(-0.185813393054137,-1.5,-1.57817026688458));
#3614=CARTESIAN_POINT('',(-0.185813393054137,-1.5,9.98026448125117));
#3615=CARTESIAN_POINT('',(-0.185813393054137,-1.98494784959828,9.98026448125117));
#3616=CARTESIAN_POINT('',(0.,1.5,-1.57817026688458));
#3617=CARTESIAN_POINT('',(-3.18581339305414,1.5,-1.57817026688458));
#3618=CARTESIAN_POINT('',(-3.18581339305414,1.5,9.98026448125117));
#3619=CARTESIAN_POINT('',(0.999423286884146,1.5,9.98026448125117));
#3620=CARTESIAN_POINT('',(-3.18581339305414,-1.98494784959828,17.3510919418509));
#3621=CARTESIAN_POINT('',(-3.18581339305414,-1.98494784959828,9.98026448125117));
#3622=CARTESIAN_POINT('',(-3.18581339305414,-1.5,9.98026448125117));
#3623=CARTESIAN_POINT('',(-3.18581339305414,-1.5,-1.57817026688458));
#3624=CARTESIAN_POINT('',(0.,-1.5,-1.57817026688458));
#3625=CARTESIAN_POINT('',(0.999423286884146,-1.5,9.98026448125117));
#3626=CARTESIAN_POINT('',(-2.45039182427876E-15,0.,9.98026448125117));
#3627=CARTESIAN_POINT('',(4.55319078738954,1.59999868080474,9.98026448125117));
#3628=CARTESIAN_POINT('',(3.48051417920563,1.59999868080474,9.98026448125117));
#3629=CARTESIAN_POINT('',(-3.49017315075017,1.59999868080474,9.98026448125117));
#3630=CARTESIAN_POINT('',(-3.49017315075017,2.03918240611482,9.98026448125117));
#3631=CARTESIAN_POINT('',(-3.49017315075017,-1.60000131919526,9.98026448125117));
#3632=CARTESIAN_POINT('',(-4.55924377760117,-1.60000131919526,9.98026448125117));
#3633=CARTESIAN_POINT('',(3.48051417920563,-1.60000131919526,9.98026448125117));
#3634=CARTESIAN_POINT('',(3.48051417920563,-2.03918504450534,9.98026448125117));
#3635=CARTESIAN_POINT('',(-3.49017315075017,2.03918240611482,10.6633949849797));
#3636=CARTESIAN_POINT('',(-3.49017315075017,-3.75,10.3218297331154));
#3637=CARTESIAN_POINT('',(-3.49017315075017,1.59999868080474,10.3218297331154));
#3638=CARTESIAN_POINT('',(-3.49017315075017,-1.60000131919526,10.3218297331154));
#3639=CARTESIAN_POINT('',(-3.49017315075017,-1.60000131919526,10.6633949849797));
#3640=CARTESIAN_POINT('',(-3.49017315075017,1.59999868080474,10.6633949849797));
#3641=CARTESIAN_POINT('',(-4.55924377760117,-1.60000131919526,10.6633949849797));
#3642=CARTESIAN_POINT('',(-8.18298547134434,-1.60000131919526,10.3218297331154));
#3643=CARTESIAN_POINT('',(3.48051417920563,-1.60000131919526,10.3218297331154));
#3644=CARTESIAN_POINT('',(3.48051417920563,-1.60000131919526,10.6633949849797));
#3645=CARTESIAN_POINT('',(3.48051417920563,-2.03918504450534,10.6633949849797));
#3646=CARTESIAN_POINT('',(3.48051417920563,-3.75,10.3218297331154));
#3647=CARTESIAN_POINT('',(3.48051417920563,1.59999868080474,10.3218297331154));
#3648=CARTESIAN_POINT('',(3.48051417920563,1.59999868080474,10.6633949849797));
#3649=CARTESIAN_POINT('',(4.55319078738954,1.59999868080474,10.6633949849797));
#3650=CARTESIAN_POINT('',(-8.18298547134434,1.59999868080474,10.3218297331154));
#3651=CARTESIAN_POINT('',(-8.18298547134434,-3.75,10.3218297331154));
#3652=CARTESIAN_POINT('',(5.25,-3.75,10.3218297331154));
#3653=CARTESIAN_POINT('',(5.25,-2.46851307087502,10.3218297331154));
#3654=CARTESIAN_POINT('',(5.25,2.46851307087502,10.3218297331154));
#3655=CARTESIAN_POINT('',(-8.18298547134434,2.46851307087502,10.3218297331154));
#3656=CARTESIAN_POINT('',(-5.25,2.46851307087502,10.3218297331154));
#3657=CARTESIAN_POINT('',(-5.25,-3.75,10.3218297331154));
#3658=CARTESIAN_POINT('',(-5.25,-2.46851307087502,10.3218297331154));
#3659=CARTESIAN_POINT('',(-8.18298547134434,-2.46851307087502,10.3218297331154));
#3660=CARTESIAN_POINT('',(-2.43122744483199E-15,-2.46851307087502,9.89034280399044));
#3661=CARTESIAN_POINT('',(5.25,-2.46851307087502,9.89034280399044));
#3662=CARTESIAN_POINT('',(5.25,-2.9,9.89034280399044));
#3663=CARTESIAN_POINT('',(-5.25,-2.46851307087502,9.89034280399044));
#3664=CARTESIAN_POINT('',(-5.25,-2.9,9.89034280399044));
#3665=CARTESIAN_POINT('',(-2.43122744483199E-15,-2.9,9.89034280399044));
#3666=CARTESIAN_POINT('',(6.81128831825495,2.1276655105396,5.96936867949426));
#3667=CARTESIAN_POINT('',(-4.26128831825495,2.1276655105396,5.96936867949426));
#3668=CARTESIAN_POINT('',(-4.26128831825495,2.1276655105396,6.53854990478048));
#3669=CARTESIAN_POINT('',(-4.26128831825495,2.1276655105396,9.78782571463121));
#3670=CARTESIAN_POINT('',(33.042479733356,2.1276655105396,9.78782571463121));
#3671=CARTESIAN_POINT('',(4.26128831825494,2.1276655105396,9.78782571463121));
#3672=CARTESIAN_POINT('',(4.26128831825495,2.1276655105396,5.96936867949426));
#3673=CARTESIAN_POINT('',(4.26128831825495,2.1276655105396,6.53854990478048));
#3674=CARTESIAN_POINT('',(6.81128831825495,2.1276655105396,6.53854990478048));
#3675=CARTESIAN_POINT('',(-4.26128831825495,0.,0.));
#3676=CARTESIAN_POINT('',(-4.26128831825495,-2.1276655105396,9.97106598407437));
#3677=CARTESIAN_POINT('',(-4.26128831825495,-2.1276655105396,9.78782571463121));
#3678=CARTESIAN_POINT('',(-4.26128831825495,-2.1276655105396,6.53854990478048));
#3679=CARTESIAN_POINT('',(-4.26128831825495,-3.19384012800664,9.78782571463121));
#3680=CARTESIAN_POINT('',(-4.26128831825495,-2.1276655105396,6.53854990478048));
#3681=CARTESIAN_POINT('',(6.81128831825495,-2.1276655105396,9.97106598407437));
#3682=CARTESIAN_POINT('',(4.26128831825495,-2.1276655105396,9.97106598407437));
#3683=CARTESIAN_POINT('',(4.26128831825495,-2.1276655105396,9.78782571463121));
#3684=CARTESIAN_POINT('',(4.26128831825495,-2.1276655105396,6.53854990478048));
#3685=CARTESIAN_POINT('',(33.042479733356,-2.1276655105396,9.78782571463121));
#3686=CARTESIAN_POINT('',(6.81128831825495,-2.1276655105396,6.53854990478048));
#3687=CARTESIAN_POINT('',(4.26128831825495,0.,0.));
#3688=CARTESIAN_POINT('',(4.26128831825495,-3.19384012800664,9.78782571463121));
#3689=CARTESIAN_POINT('',(4.26128831825495,-2.1276655105396,6.53854990478048));
#3690=CARTESIAN_POINT('',(33.042479733356,-3.19384012800664,9.78782571463121));
#3691=CARTESIAN_POINT('',(33.042479733356,2.44384012800664,9.78782571463121));
#3692=CARTESIAN_POINT('',(5.25,2.44384012800664,9.78782571463121));
#3693=CARTESIAN_POINT('',(-5.25,2.44384012800664,9.78782571463121));
#3694=CARTESIAN_POINT('',(5.25,-3.75,9.78782571463121));
#3695=CARTESIAN_POINT('',(5.25,-2.44384012800664,9.78782571463121));
#3696=CARTESIAN_POINT('',(33.042479733356,-2.44384012800664,9.78782571463121));
#3697=CARTESIAN_POINT('',(-5.25,-2.44384012800664,9.78782571463121));
#3698=CARTESIAN_POINT('',(-5.25,-3.75,9.78782571463121));
#3699=CARTESIAN_POINT('',(-8.18298547134434,2.46851307087502,9.89034280399044));
#3700=CARTESIAN_POINT('',(5.25,2.46851307087502,9.89034280399044));
#3701=CARTESIAN_POINT('',(5.25,2.9,9.89034280399044));
#3702=CARTESIAN_POINT('',(8.18298547134434,2.9,9.89034280399044));
#3703=CARTESIAN_POINT('',(-5.25,2.9,9.89034280399044));
#3704=CARTESIAN_POINT('',(-5.25,2.46851307087502,9.89034280399044));
#3705=CARTESIAN_POINT('',(-5.25,-3.75,11.9));
#3706=CARTESIAN_POINT('',(-5.25,2.9,11.9));
#3707=CARTESIAN_POINT('',(-5.25,2.9,6.30167317115518));
#3708=CARTESIAN_POINT('',(-5.25,-3.75,6.30167317115518));
#3709=CARTESIAN_POINT('',(-5.25,2.44384012800664,6.30167317115518));
#3710=CARTESIAN_POINT('',(-5.25,2.44384012800664,11.9));
#3711=CARTESIAN_POINT('',(-5.25,-2.44384012800664,11.9));
#3712=CARTESIAN_POINT('',(-5.25,-2.44384012800664,6.30167317115518));
#3713=CARTESIAN_POINT('',(-5.25,-3.75,6.30167317115518));
#3714=CARTESIAN_POINT('',(-5.25,-2.9,6.30167317115518));
#3715=CARTESIAN_POINT('',(-5.25,-2.9,11.9));
#3716=CARTESIAN_POINT('',(5.25,-3.75,11.9));
#3717=CARTESIAN_POINT('',(5.25,-3.74999999999998,6.30167317115516));
#3718=CARTESIAN_POINT('',(5.25,2.9,6.30167317115518));
#3719=CARTESIAN_POINT('',(5.25,2.44384012800664,6.30167317115517));
#3720=CARTESIAN_POINT('',(5.25,2.9,11.9));
#3721=CARTESIAN_POINT('',(5.25,-2.9,11.9));
#3722=CARTESIAN_POINT('',(5.25,-2.9,6.30167317115518));
#3723=CARTESIAN_POINT('',(5.25,-3.74999999999998,6.30167317115517));
#3724=CARTESIAN_POINT('',(5.25,-2.44384012800664,6.30167317115518));
#3725=CARTESIAN_POINT('',(5.25,-2.44384012800664,11.9));
#3726=CARTESIAN_POINT('',(5.25,2.44384012800664,11.9));
#3727=CARTESIAN_POINT('',(0.360094442396224,-0.200288180287309,2.71182973311541));
#3728=CARTESIAN_POINT('',(0.360094442396224,0.199711819712691,2.71182973311541));
#3729=CARTESIAN_POINT('',(0.750094442396225,0.199711819712691,2.71182973311541));
#3730=CARTESIAN_POINT('',(0.360094442396224,0.199711819712691,2.32182973311541));
#3731=CARTESIAN_POINT('',(0.750094442396225,-0.200288180287309,2.71182973311541));
#3732=CARTESIAN_POINT('',(0.750094442396225,-0.200288180287309,2.71182973311541));
#3733=CARTESIAN_POINT('',(0.360094442396224,-0.200288180287309,2.71182973311541));
#3734=CARTESIAN_POINT('',(0.360094442396224,-0.200288180287309,2.32182973311541));
#3735=CARTESIAN_POINT('',(0.360094442396224,-0.200288180287309,2.32182973311541));
#3736=CARTESIAN_POINT('',(-0.0299055576037759,-0.200288180287309,2.32182973311541));
#3737=CARTESIAN_POINT('',(-0.0299055576037759,0.199711819712691,2.32182973311541));
#3738=CARTESIAN_POINT('',(-0.359905557603775,0.199711819712691,2.32182973311541));
#3739=CARTESIAN_POINT('',(-0.0299055576037759,-0.200288180287309,2.32182973311541));
#3740=CARTESIAN_POINT('',(-0.359905557603775,-0.200288180287309,2.32182973311541));
#3741=CARTESIAN_POINT('',(-0.359905557603775,-0.200288180287309,2.32182973311541));
#3742=CARTESIAN_POINT('',(-0.359905557603775,-0.200288180287309,2.71182973311541));
#3743=CARTESIAN_POINT('',(-0.359905557603775,0.199711819712691,2.71182973311541));
#3744=CARTESIAN_POINT('',(-0.749905557603775,0.199711819712691,2.71182973311541));
#3745=CARTESIAN_POINT('',(-0.359905557603775,-0.200288180287309,2.71182973311541));
#3746=CARTESIAN_POINT('',(-0.749905557603775,-0.200288180287309,2.71182973311541));
#3747=CARTESIAN_POINT('',(-0.749905557603775,-0.200288180287309,2.71182973311541));
#3748=CARTESIAN_POINT('',(3.79470760369927E-16,-1.19587649624081,3.85228543313025));
#3749=CARTESIAN_POINT('',(0.45,-1.19587649624081,4.01682973311542));
#3750=CARTESIAN_POINT('',(0.45,-0.200288180287309,4.01682973311542));
#3751=CARTESIAN_POINT('',(0.45,0.199711819712691,4.01682973311542));
#3752=CARTESIAN_POINT('',(3.79470760369927E-16,-0.200288180287309,3.85228543313025));
#3753=CARTESIAN_POINT('',(-0.45,-0.200288180287309,4.01682973311542));
#3754=CARTESIAN_POINT('',(-0.45,-1.19587649624081,4.01682973311542));
#3755=CARTESIAN_POINT('',(-0.45,0.199711819712691,4.01682973311542));
#3756=CARTESIAN_POINT('',(3.79470760369927E-16,0.199711819712691,3.85228543313025));
#3757=CARTESIAN_POINT('',(-0.45,-1.19587649624081,4.01682973311542));
#3758=CARTESIAN_POINT('',(-0.45,-0.200288180287309,0.989181225286214));
#3759=CARTESIAN_POINT('',(-0.45,-0.200288180287309,3.14602048001135));
#3760=CARTESIAN_POINT('',(-0.45,-1.19587649624081,3.14602048001135));
#3761=CARTESIAN_POINT('',(-0.45,0.199711819712691,3.14602048001135));
#3762=CARTESIAN_POINT('',(-0.45,0.199711819712691,0.989181225286214));
#3763=CARTESIAN_POINT('',(3.79470760369927E-16,-1.19587649624081,3.31056477999651));
#3764=CARTESIAN_POINT('',(3.79470760369927E-16,-0.200288180287309,3.31056477999651));
#3765=CARTESIAN_POINT('',(0.45,-0.200288180287309,3.14602048001135));
#3766=CARTESIAN_POINT('',(0.45,-1.19587649624081,3.14602048001135));
#3767=CARTESIAN_POINT('',(0.45,0.199711819712691,3.14602048001135));
#3768=CARTESIAN_POINT('',(3.79470760369927E-16,0.199711819712691,3.31056477999651));
#3769=CARTESIAN_POINT('',(0.45,-1.19587649624081,3.14602048001135));
#3770=CARTESIAN_POINT('',(0.45,-0.200288180287309,0.989181225286214));
#3771=CARTESIAN_POINT('',(0.45,0.199711819712691,0.989181225286214));
#3772=CARTESIAN_POINT('',(1.98818804181414,-3.75,5.35496506725127));
#3773=CARTESIAN_POINT('',(1.98818804181414,-3.75,5.44241043557614));
#3774=CARTESIAN_POINT('',(1.98818804181414,2.44384012800664,5.44241043557614));
#3775=CARTESIAN_POINT('',(1.98818804181414,2.9,5.44241043557614));
#3776=CARTESIAN_POINT('',(1.98818804181414,2.44384012800664,5.35496506725127));
#3777=CARTESIAN_POINT('',(1.98818804181414,2.44384012800664,6.30167317115518));
#3778=CARTESIAN_POINT('',(1.98818804181414,-3.75,6.30167317115518));
#3779=CARTESIAN_POINT('',(1.98818804181414,2.9,6.30167317115518));
#3780=CARTESIAN_POINT('',(1.98818804181414,2.9,5.35496506725127));
#3781=CARTESIAN_POINT('',(4.48635080627717,-3.75,6.30167317115518));
#3782=CARTESIAN_POINT('',(4.48635080627717,2.44384012800664,6.30167317115518));
#3783=CARTESIAN_POINT('',(-1.98818804181414,2.44384012800664,6.30167317115517));
#3784=CARTESIAN_POINT('',(-1.98818804181414,-3.75,6.30167317115518));
#3785=CARTESIAN_POINT('',(-1.98818804181414,2.9,6.30167317115518));
#3786=CARTESIAN_POINT('',(4.48635080627717,2.9,6.30167317115518));
#3787=CARTESIAN_POINT('',(-1.98818804181414,-3.75,5.35496506725127));
#3788=CARTESIAN_POINT('',(-1.98818804181414,2.44384012800664,5.35496506725127));
#3789=CARTESIAN_POINT('',(-1.98818804181414,2.44384012800664,5.44241043557614));
#3790=CARTESIAN_POINT('',(-1.98818804181414,-3.75,5.44241043557614));
#3791=CARTESIAN_POINT('',(-1.98818804181414,2.9,5.44241043557614));
#3792=CARTESIAN_POINT('',(-1.98818804181414,2.9,5.35496506725127));
#3793=CARTESIAN_POINT('',(-3.04674858250254,-3.75,5.44241043557614));
#3794=CARTESIAN_POINT('',(-3.04674858250254,2.44384012800664,5.44241043557614));
#3795=CARTESIAN_POINT('',(-2.35694431151111,2.44384012800664,5.44241043557614));
#3796=CARTESIAN_POINT('',(-2.35694431151111,-3.75,5.44241043557614));
#3797=CARTESIAN_POINT('',(-2.35694431151111,2.9,5.44241043557614));
#3798=CARTESIAN_POINT('',(-3.04674858250254,2.9,5.44241043557614));
#3799=CARTESIAN_POINT('',(-3.04674858250254,-3.75,4.73879281223813));
#3800=CARTESIAN_POINT('',(-3.74864360183138,-3.75,4.73879281223813));
#3801=CARTESIAN_POINT('',(-3.74864360183138,2.344546300216,4.73879281223813));
#3802=CARTESIAN_POINT('',(-3.74864360183138,2.66268218898126,4.73879281223813));
#3803=CARTESIAN_POINT('',(-3.04674858250254,2.66268218898126,4.73879281223813));
#3804=CARTESIAN_POINT('',(-2.35694431151111,2.66268218898126,4.73879281223813));
#3805=CARTESIAN_POINT('',(-2.35694431151111,-3.75,4.73879281223813));
#3806=CARTESIAN_POINT('',(-2.35694431151111,2.344546300216,4.73879281223813));
#3807=CARTESIAN_POINT('',(-3.04674858250253,2.344546300216,4.73879281223813));
#3808=CARTESIAN_POINT('',(-3.04674858250254,2.66268218898126,4.97611062325687));
#3809=CARTESIAN_POINT('',(-3.74864360183138,2.66268218898126,4.97611062325687));
#3810=CARTESIAN_POINT('',(-3.74864360183138,2.9,4.97611062325687));
#3811=CARTESIAN_POINT('',(-4.07240228280124,2.9,4.97611062325687));
#3812=CARTESIAN_POINT('',(-2.35694431151111,2.9,4.97611062325687));
#3813=CARTESIAN_POINT('',(-2.35694431151111,2.66268218898126,4.97611062325687));
#3814=CARTESIAN_POINT('',(-8.18298547134434,-3.75,6.30167317115518));
#3815=CARTESIAN_POINT('',(-8.18298547134434,2.44384012800664,6.30167317115518));
#3816=CARTESIAN_POINT('',(-3.74864360183138,2.44384012800664,6.30167317115518));
#3817=CARTESIAN_POINT('',(-5.13818553510268,2.44384012800664,6.30167317115518));
#3818=CARTESIAN_POINT('',(-9.85587291574718,2.44384012800664,6.30167317115518));
#3819=CARTESIAN_POINT('',(-8.18298547134434,2.9,6.30167317115518));
#3820=CARTESIAN_POINT('',(-3.74864360183138,2.9,6.30167317115518));
#3821=CARTESIAN_POINT('',(-3.74864360183138,-3.75,6.30167317115518));
#3822=CARTESIAN_POINT('',(-8.18298547134434,-3.75,6.30167317115518));
#3823=CARTESIAN_POINT('',(-8.18298547134434,-2.9,6.30167317115518));
#3824=CARTESIAN_POINT('',(-3.74864360183138,-2.9,6.30167317115518));
#3825=CARTESIAN_POINT('',(-9.85587291574718,-2.44384012800664,6.30167317115518));
#3826=CARTESIAN_POINT('',(-5.13818553510268,-2.44384012800664,6.30167317115518));
#3827=CARTESIAN_POINT('',(-8.18298547134434,-2.44384012800664,6.30167317115518));
#3828=CARTESIAN_POINT('',(-3.74864360183138,-2.44384012800664,6.30167317115518));
#3829=CARTESIAN_POINT('',(-3.74864360183138,-3.75,6.30167317115518));
#3830=CARTESIAN_POINT('',(-3.04674858250254,-3.75,4.73879281223813));
#3831=CARTESIAN_POINT('',(-2.35694431151111,-3.75,4.73879281223813));
#3832=CARTESIAN_POINT('',(-2.35694431151111,-2.66268218898126,4.73879281223813));
#3833=CARTESIAN_POINT('',(-2.35694431151111,-2.05853771482816,4.73879281223813));
#3834=CARTESIAN_POINT('',(-3.04674858250254,-2.66268218898126,4.73879281223813));
#3835=CARTESIAN_POINT('',(-3.74864360183138,-2.66268218898126,4.73879281223813));
#3836=CARTESIAN_POINT('',(-3.74864360183138,-3.75,4.73879281223813));
#3837=CARTESIAN_POINT('',(-3.74864360183138,-2.05853771482816,4.73879281223813));
#3838=CARTESIAN_POINT('',(-4.07240228280124,-2.05853771482816,4.73879281223814));
#3839=CARTESIAN_POINT('',(2.49816276446303,-2.66268218898126,4.97611062325687));
#3840=CARTESIAN_POINT('',(-3.74864360183138,-2.66268218898126,4.97611062325687));
#3841=CARTESIAN_POINT('',(-3.74864360183138,-2.9,4.97611062325687));
#3842=CARTESIAN_POINT('',(-2.35694431151111,-2.66268218898126,4.97611062325687));
#3843=CARTESIAN_POINT('',(-2.35694431151111,-2.9,4.97611062325687));
#3844=CARTESIAN_POINT('',(2.49816276446303,-2.9,4.97611062325687));
#3845=CARTESIAN_POINT('',(-3.04674858250254,-3.75,5.44241043557614));
#3846=CARTESIAN_POINT('',(-2.35694431151111,-3.75,5.44241043557614));
#3847=CARTESIAN_POINT('',(-2.35694431151111,-2.9,5.44241043557614));
#3848=CARTESIAN_POINT('',(-2.35694431151111,-2.44384012800664,5.44241043557614));
#3849=CARTESIAN_POINT('',(-3.04674858250254,-2.44384012800664,5.44241043557614));
#3850=CARTESIAN_POINT('',(-1.98818804181414,-2.44384012800664,5.44241043557614));
#3851=CARTESIAN_POINT('',(-1.98818804181414,-3.75,5.44241043557614));
#3852=CARTESIAN_POINT('',(-1.98818804181414,-2.9,5.44241043557614));
#3853=CARTESIAN_POINT('',(-3.04674858250254,-2.9,5.44241043557614));
#3854=CARTESIAN_POINT('',(-1.98818804181414,-3.75,5.35496506725127));
#3855=CARTESIAN_POINT('',(-1.98818804181414,-2.44384012800664,5.35496506725127));
#3856=CARTESIAN_POINT('',(-1.98818804181414,-2.44384012800664,6.30167317115517));
#3857=CARTESIAN_POINT('',(-1.98818804181414,-3.75,6.30167317115518));
#3858=CARTESIAN_POINT('',(-1.98818804181414,-2.9,6.30167317115518));
#3859=CARTESIAN_POINT('',(-1.98818804181414,-2.9,5.35496506725127));
#3860=CARTESIAN_POINT('',(4.48635080627717,-3.75,6.30167317115518));
#3861=CARTESIAN_POINT('',(4.48635080627717,-2.44384012800664,6.30167317115518));
#3862=CARTESIAN_POINT('',(1.98818804181414,-2.44384012800664,6.30167317115518));
#3863=CARTESIAN_POINT('',(1.98818804181414,-3.75,6.30167317115518));
#3864=CARTESIAN_POINT('',(1.98818804181414,-2.9,6.30167317115518));
#3865=CARTESIAN_POINT('',(-4.48635080627717,-2.9,6.30167317115518));
#3866=CARTESIAN_POINT('',(1.98818804181414,-3.75,5.35496506725127));
#3867=CARTESIAN_POINT('',(1.98818804181414,-2.44384012800664,5.35496506725127));
#3868=CARTESIAN_POINT('',(1.98818804181414,-2.44384012800664,5.44241043557614));
#3869=CARTESIAN_POINT('',(1.98818804181414,-3.75,5.44241043557614));
#3870=CARTESIAN_POINT('',(1.98818804181414,-2.9,5.44241043557614));
#3871=CARTESIAN_POINT('',(1.98818804181414,-2.9,5.35496506725127));
#3872=CARTESIAN_POINT('',(5.54491134696557,-3.75,5.44241043557614));
#3873=CARTESIAN_POINT('',(5.54491134696557,-2.44384012800664,5.44241043557614));
#3874=CARTESIAN_POINT('',(2.35694431151111,-2.44384012800664,5.44241043557614));
#3875=CARTESIAN_POINT('',(2.35694431151111,-3.75,5.44241043557614));
#3876=CARTESIAN_POINT('',(2.35694431151111,-2.9,5.44241043557614));
#3877=CARTESIAN_POINT('',(5.54491134696557,-2.9,5.44241043557614));
#3878=CARTESIAN_POINT('',(6.57056504726427,-3.75,4.74082306220119));
#3879=CARTESIAN_POINT('',(3.74864360183138,-3.75,4.74082306220119));
#3880=CARTESIAN_POINT('',(3.74864360183138,-2.66268218898126,4.74082306220119));
#3881=CARTESIAN_POINT('',(3.74864360183138,-2.05853771482816,4.74082306220119));
#3882=CARTESIAN_POINT('',(6.57056504726427,-2.66268218898126,4.74082306220119));
#3883=CARTESIAN_POINT('',(2.35694431151111,-2.66268218898126,4.74082306220119));
#3884=CARTESIAN_POINT('',(2.35694431151111,-3.75,4.74082306220119));
#3885=CARTESIAN_POINT('',(2.35694431151111,-2.05853771482816,4.74082306220119));
#3886=CARTESIAN_POINT('',(5.54491134696557,-2.05853771482816,4.74082306220119));
#3887=CARTESIAN_POINT('',(0.,-2.66268218898126,4.97814087321993));
#3888=CARTESIAN_POINT('',(2.35694431151111,-2.66268218898126,4.97814087321993));
#3889=CARTESIAN_POINT('',(2.35694431151111,-2.9,4.97814087321993));
#3890=CARTESIAN_POINT('',(3.74864360183138,-2.66268218898126,4.97814087321993));
#3891=CARTESIAN_POINT('',(3.74864360183138,-2.9,4.97814087321993));
#3892=CARTESIAN_POINT('',(0.,-2.9,4.97814087321993));
#3893=CARTESIAN_POINT('',(0.,-2.9,0.));
#3894=CARTESIAN_POINT('',(8.18298547134434,-2.9,6.30167317115518));
#3895=CARTESIAN_POINT('',(3.74864360183138,-2.9,6.30167317115518));
#3896=CARTESIAN_POINT('',(-3.74864360183138,-2.9,4.73879281223813));
#3897=CARTESIAN_POINT('',(-2.35694431151111,-2.9,5.35496506725127));
#3898=CARTESIAN_POINT('',(2.35694431151111,-2.9,4.74082306220119));
#3899=CARTESIAN_POINT('',(3.74864360183138,-2.9,6.51918122528622));
#3900=CARTESIAN_POINT('',(8.18298547134434,-3.75,6.30167317115518));
#3901=CARTESIAN_POINT('',(8.18298547134434,-2.44384012800664,6.30167317115518));
#3902=CARTESIAN_POINT('',(3.74864360183138,-2.44384012800664,6.30167317115518));
#3903=CARTESIAN_POINT('',(5.13818553510268,-2.44384012800664,6.30167317115518));
#3904=CARTESIAN_POINT('',(9.83819200002491,-2.44384012800664,6.30167317115518));
#3905=CARTESIAN_POINT('',(3.74864360183138,-3.75,6.30167317115518));
#3906=CARTESIAN_POINT('',(33.042479733356,-2.44384012800664,5.95));
#3907=CARTESIAN_POINT('',(5.13818553510268,-2.44384012800664,5.23438436479054));
#3908=CARTESIAN_POINT('',(5.13818553510268,-2.44384012800664,6.53854990478048));
#3909=CARTESIAN_POINT('',(8.07117100644702,-2.44384012800664,6.53854990478048));
#3910=CARTESIAN_POINT('',(-5.13818553510267,-2.44384012800664,6.53854990478048));
#3911=CARTESIAN_POINT('',(-5.13818553510268,-2.44384012800664,6.75605795891152));
#3912=CARTESIAN_POINT('',(8.07117100644702,-3.19384012800664,6.53854990478048));
#3913=CARTESIAN_POINT('',(8.07117100644702,2.44384012800664,6.53854990478048));
#3914=CARTESIAN_POINT('',(5.13818553510268,2.44384012800664,6.53854990478048));
#3915=CARTESIAN_POINT('',(-5.13818553510268,2.44384012800664,6.53854990478048));
#3916=CARTESIAN_POINT('',(-5.13818553510268,-3.19384012800664,6.53854990478048));
#3917=CARTESIAN_POINT('',(5.13818553510268,-3.19384012800664,6.53854990478048));
#3918=CARTESIAN_POINT('',(33.042479733356,2.44384012800664,5.95));
#3919=CARTESIAN_POINT('',(9.83819200002491,2.44384012800664,6.30167317115517));
#3920=CARTESIAN_POINT('',(5.13818553510268,2.44384012800664,6.30167317115518));
#3921=CARTESIAN_POINT('',(-5.13818553510268,2.44384012800664,6.75605795891152));
#3922=CARTESIAN_POINT('',(5.13818553510268,2.44384012800664,5.23438436479054));
#3923=CARTESIAN_POINT('',(8.18298547134434,-3.75,6.30167317115518));
#3924=CARTESIAN_POINT('',(8.18298547134434,2.9,6.30167317115518));
#3925=CARTESIAN_POINT('',(3.74864360183138,2.9,6.30167317115518));
#3926=CARTESIAN_POINT('',(8.18298547134434,2.44384012800664,6.30167317115518));
#3927=CARTESIAN_POINT('',(3.74864360183138,2.44384012800664,6.30167317115518));
#3928=CARTESIAN_POINT('',(3.74864360183138,-3.75,6.30167317115518));
#3929=CARTESIAN_POINT('',(5.54491134696557,-3.75,5.44241043557614));
#3930=CARTESIAN_POINT('',(2.35694431151111,-3.75,5.44241043557614));
#3931=CARTESIAN_POINT('',(2.35694431151111,2.44384012800664,5.44241043557614));
#3932=CARTESIAN_POINT('',(2.35694431151111,2.9,5.44241043557614));
#3933=CARTESIAN_POINT('',(5.54491134696557,2.44384012800664,5.44241043557614));
#3934=CARTESIAN_POINT('',(5.54491134696557,2.9,5.44241043557614));
#3935=CARTESIAN_POINT('',(6.57056504726427,-3.75,4.74082306220119));
#3936=CARTESIAN_POINT('',(2.35694431151111,-3.75,4.74082306220119));
#3937=CARTESIAN_POINT('',(2.35694431151112,2.344546300216,4.74082306220119));
#3938=CARTESIAN_POINT('',(2.35694431151111,2.66268218898126,4.74082306220119));
#3939=CARTESIAN_POINT('',(6.57056504726427,2.66268218898126,4.74082306220119));
#3940=CARTESIAN_POINT('',(3.74864360183138,2.66268218898126,4.74082306220119));
#3941=CARTESIAN_POINT('',(3.74864360183138,-3.75,4.74082306220119));
#3942=CARTESIAN_POINT('',(3.74864360183139,2.344546300216,4.74082306220119));
#3943=CARTESIAN_POINT('',(6.57056504726428,2.344546300216,4.74082306220119));
#3944=CARTESIAN_POINT('',(6.57056504726427,2.66268218898126,4.97814087321993));
#3945=CARTESIAN_POINT('',(2.35694431151111,2.66268218898126,4.97814087321993));
#3946=CARTESIAN_POINT('',(2.35694431151111,2.9,4.97814087321993));
#3947=CARTESIAN_POINT('',(5.54491134696557,2.9,4.97814087321993));
#3948=CARTESIAN_POINT('',(3.74864360183138,2.9,4.97814087321993));
#3949=CARTESIAN_POINT('',(3.74864360183138,2.66268218898126,4.97814087321993));
#3950=CARTESIAN_POINT('',(0.,2.9,0.));
#3951=CARTESIAN_POINT('',(3.74864360183138,2.9,6.51918122528622));
#3952=CARTESIAN_POINT('',(2.35694431151111,2.9,4.74082306220119));
#3953=CARTESIAN_POINT('',(-2.35694431151111,2.9,5.35496506725127));
#3954=CARTESIAN_POINT('',(-3.74864360183138,2.9,4.73879281223813));
#3955=CARTESIAN_POINT('',(3.36009444239622,-0.200288180287309,2.71182973311541));
#3956=CARTESIAN_POINT('',(3.36009444239622,0.199711819712691,2.71182973311541));
#3957=CARTESIAN_POINT('',(3.75009444239622,0.199711819712691,2.71182973311541));
#3958=CARTESIAN_POINT('',(3.36009444239622,0.199711819712691,2.32182973311541));
#3959=CARTESIAN_POINT('',(3.75009444239622,-0.200288180287309,2.71182973311541));
#3960=CARTESIAN_POINT('',(3.75009444239622,-0.200288180287309,2.71182973311541));
#3961=CARTESIAN_POINT('',(3.36009444239622,-0.200288180287309,2.71182973311541));
#3962=CARTESIAN_POINT('',(3.36009444239622,-0.200288180287309,2.32182973311541));
#3963=CARTESIAN_POINT('',(3.36009444239622,-0.200288180287309,2.32182973311541));
#3964=CARTESIAN_POINT('',(2.97009444239622,-0.200288180287309,2.32182973311541));
#3965=CARTESIAN_POINT('',(2.97009444239622,0.199711819712691,2.32182973311541));
#3966=CARTESIAN_POINT('',(2.64009444239623,0.199711819712691,2.32182973311541));
#3967=CARTESIAN_POINT('',(2.97009444239622,-0.200288180287309,2.32182973311541));
#3968=CARTESIAN_POINT('',(2.64009444239623,-0.200288180287309,2.32182973311541));
#3969=CARTESIAN_POINT('',(2.64009444239623,-0.200288180287309,2.32182973311541));
#3970=CARTESIAN_POINT('',(2.64009444239623,-0.200288180287309,2.71182973311541));
#3971=CARTESIAN_POINT('',(2.64009444239623,0.199711819712691,2.71182973311541));
#3972=CARTESIAN_POINT('',(2.25009444239622,0.199711819712691,2.71182973311541));
#3973=CARTESIAN_POINT('',(2.64009444239623,-0.200288180287309,2.71182973311541));
#3974=CARTESIAN_POINT('',(2.25009444239622,-0.200288180287309,2.71182973311541));
#3975=CARTESIAN_POINT('',(2.25009444239622,-0.200288180287309,2.71182973311541));
#3976=CARTESIAN_POINT('',(3.,-1.19587649624081,3.85228543313025));
#3977=CARTESIAN_POINT('',(3.45,-1.19587649624081,4.01682973311542));
#3978=CARTESIAN_POINT('',(3.45,-0.200288180287309,4.01682973311542));
#3979=CARTESIAN_POINT('',(3.45,0.199711819712691,4.01682973311542));
#3980=CARTESIAN_POINT('',(3.,-0.200288180287309,3.85228543313025));
#3981=CARTESIAN_POINT('',(2.55,-0.200288180287309,4.01682973311542));
#3982=CARTESIAN_POINT('',(2.55,-1.19587649624081,4.01682973311542));
#3983=CARTESIAN_POINT('',(2.55,0.199711819712691,4.01682973311542));
#3984=CARTESIAN_POINT('',(3.,0.199711819712691,3.85228543313025));
#3985=CARTESIAN_POINT('',(2.55,-1.19587649624081,4.01682973311542));
#3986=CARTESIAN_POINT('',(2.55,-0.200288180287309,0.989181225286214));
#3987=CARTESIAN_POINT('',(2.55,-0.200288180287309,3.14602048001135));
#3988=CARTESIAN_POINT('',(2.55,-1.19587649624081,3.14602048001135));
#3989=CARTESIAN_POINT('',(2.55,0.199711819712691,3.14602048001135));
#3990=CARTESIAN_POINT('',(2.55,0.199711819712691,0.989181225286214));
#3991=CARTESIAN_POINT('',(3.,-1.19587649624081,3.31056477999651));
#3992=CARTESIAN_POINT('',(3.,-0.200288180287309,3.31056477999651));
#3993=CARTESIAN_POINT('',(3.45,-0.200288180287309,3.14602048001135));
#3994=CARTESIAN_POINT('',(3.45,-1.19587649624081,3.14602048001135));
#3995=CARTESIAN_POINT('',(3.45,0.199711819712691,3.14602048001135));
#3996=CARTESIAN_POINT('',(3.,0.199711819712691,3.31056477999651));
#3997=CARTESIAN_POINT('',(3.45,-1.19587649624081,3.14602048001135));
#3998=CARTESIAN_POINT('',(3.45,-0.200288180287309,0.989181225286214));
#3999=CARTESIAN_POINT('',(3.45,0.199711819712691,0.989181225286214));
#4000=CARTESIAN_POINT('',(-0.749905557603775,-0.200288180287309,0.989181225286214));
#4001=CARTESIAN_POINT('',(-0.749905557603775,-3.19384012800664,5.32182973311541));
#4002=CARTESIAN_POINT('',(-0.749905557603775,0.199711819712691,5.32182973311541));
#4003=CARTESIAN_POINT('',(-0.749905557603775,-0.200288180287309,5.32182973311541));
#4004=CARTESIAN_POINT('',(-0.749905557603775,0.199711819712691,0.989181225286214));
#4005=CARTESIAN_POINT('',(-0.749905557603775,-0.200288180287309,0.989181225286214));
#4006=CARTESIAN_POINT('',(0.0300944423962234,0.199711819712691,0.989181225286214));
#4007=CARTESIAN_POINT('',(-8.07117100644702,0.199711819712691,5.32182973311541));
#4008=CARTESIAN_POINT('',(0.750094442396225,0.199711819712691,5.32182973311541));
#4009=CARTESIAN_POINT('',(0.750094442396225,0.199711819712691,9.89958750429487));
#4010=CARTESIAN_POINT('',(0.750094442396225,-0.200288180287309,9.89958750429487));
#4011=CARTESIAN_POINT('',(0.750094442396224,-3.19384012800664,5.32182973311541));
#4012=CARTESIAN_POINT('',(0.750094442396225,-0.200288180287309,5.32182973311541));
#4013=CARTESIAN_POINT('',(0.750094442396225,-0.200288180287309,9.89958750429487));
#4014=CARTESIAN_POINT('',(0.0300944423962234,-0.200288180287309,0.989181225286214));
#4015=CARTESIAN_POINT('',(-12.8710765640508,-0.200288180287309,5.32182973311541));
#4016=CARTESIAN_POINT('',(0.,2.44384012800664,0.569181225286214));
#4017=CARTESIAN_POINT('',(-2.35694431151111,2.44384012800664,5.35496506725127));
#4018=CARTESIAN_POINT('',(-2.35694431151111,2.44384012800664,5.32182973311541));
#4019=CARTESIAN_POINT('',(2.35694431151111,2.44384012800664,4.74082306220119));
#4020=CARTESIAN_POINT('',(2.35694431151111,2.44384012800664,5.32182973311541));
#4021=CARTESIAN_POINT('',(-8.07117100644702,2.44384012800664,5.32182973311541));
#4022=CARTESIAN_POINT('',(-2.35694431151111,-3.75,5.35496506725127));
#4023=CARTESIAN_POINT('',(-2.35694431151111,2.344546300216,5.32182973311541));
#4024=CARTESIAN_POINT('',(-2.35694431151111,2.344546300216,5.32182973311541));
#4025=CARTESIAN_POINT('',(-2.35694431151111,2.344546300216,5.23438436479054));
#4026=CARTESIAN_POINT('',(2.49816276446303,2.344546300216,0.569181225286214));
#4027=CARTESIAN_POINT('',(-3.74864360183138,2.344546300216,4.73879281223813));
#4028=CARTESIAN_POINT('',(-3.74864360183138,2.344546300216,5.32182973311541));
#4029=CARTESIAN_POINT('',(-4.07240228280124,2.344546300216,5.32182973311541));
#4030=CARTESIAN_POINT('',(-3.74864360183138,-3.75,4.73879281223813));
#4031=CARTESIAN_POINT('',(-3.74864360183138,2.344546300216,5.32182973311541));
#4032=CARTESIAN_POINT('',(-3.74864360183138,2.44384012800664,5.32182973311541));
#4033=CARTESIAN_POINT('',(-3.74864360183138,2.44384012800664,4.73879281223813));
#4034=CARTESIAN_POINT('',(0.,2.44384012800664,0.569181225286214));
#4035=CARTESIAN_POINT('',(-8.07117100644702,2.44384012800664,5.32182973311541));
#4036=CARTESIAN_POINT('',(-5.13818553510268,2.44384012800664,5.32182973311541));
#4037=CARTESIAN_POINT('',(-5.13818553510268,2.44384012800664,6.75605795891152));
#4038=CARTESIAN_POINT('',(-5.13818553510268,-3.19384012800664,6.75605795891152));
#4039=CARTESIAN_POINT('',(-5.13818553510268,-3.19384012800664,5.32182973311541));
#4040=CARTESIAN_POINT('',(-5.13818553510268,-2.44384012800664,5.32182973311541));
#4041=CARTESIAN_POINT('',(-5.13818553510268,-2.44384012800664,6.75605795891152));
#4042=CARTESIAN_POINT('',(0.,-2.44384012800664,0.569181225286214));
#4043=CARTESIAN_POINT('',(-8.07117100644702,-2.44384012800664,5.32182973311541));
#4044=CARTESIAN_POINT('',(-3.74864360183138,-2.44384012800664,5.32182973311541));
#4045=CARTESIAN_POINT('',(-3.74864360183138,-2.44384012800664,4.73879281223813));
#4046=CARTESIAN_POINT('',(-3.74864360183138,-3.75,4.73879281223813));
#4047=CARTESIAN_POINT('',(-3.74864360183138,1.80615987199336,5.32182973311542));
#4048=CARTESIAN_POINT('',(-3.74864360183138,-2.05853771482816,5.32182973311542));
#4049=CARTESIAN_POINT('',(-3.74864360183138,-2.05853771482816,5.23438436479054));
#4050=CARTESIAN_POINT('',(2.49816276446303,-2.05853771482816,0.569181225286214));
#4051=CARTESIAN_POINT('',(-4.07240228280124,-2.05853771482816,5.32182973311542));
#4052=CARTESIAN_POINT('',(-2.35694431151111,-2.05853771482816,5.32182973311541));
#4053=CARTESIAN_POINT('',(-2.35694431151111,-2.05853771482816,4.73879281223814));
#4054=CARTESIAN_POINT('',(-2.35694431151111,-3.75,5.35496506725127));
#4055=CARTESIAN_POINT('',(-2.35694431151111,1.80615987199336,5.32182973311542));
#4056=CARTESIAN_POINT('',(-2.35694431151111,-2.44384012800664,5.32182973311541));
#4057=CARTESIAN_POINT('',(-2.35694431151111,-2.44384012800664,5.35496506725127));
#4058=CARTESIAN_POINT('',(0.,-2.44384012800664,0.569181225286214));
#4059=CARTESIAN_POINT('',(2.35694431151111,-2.44384012800664,4.74082306220119));
#4060=CARTESIAN_POINT('',(2.35694431151111,-2.44384012800664,5.32182973311541));
#4061=CARTESIAN_POINT('',(-8.07117100644702,-2.44384012800664,5.32182973311541));
#4062=CARTESIAN_POINT('',(2.35694431151111,-3.75,4.74082306220119));
#4063=CARTESIAN_POINT('',(2.35694431151111,1.80615987199336,5.32182973311542));
#4064=CARTESIAN_POINT('',(2.35694431151111,-2.05853771482816,5.32182973311542));
#4065=CARTESIAN_POINT('',(2.35694431151111,-2.05853771482816,5.23438436479054));
#4066=CARTESIAN_POINT('',(0.,-2.05853771482816,0.569181225286214));
#4067=CARTESIAN_POINT('',(5.54491134696557,-2.05853771482816,5.32182973311542));
#4068=CARTESIAN_POINT('',(3.74864360183139,-2.05853771482816,5.32182973311541));
#4069=CARTESIAN_POINT('',(3.74864360183139,-2.05853771482816,4.74082306220119));
#4070=CARTESIAN_POINT('',(3.74864360183138,-3.75,6.51918122528622));
#4071=CARTESIAN_POINT('',(3.74864360183139,1.80615987199336,5.32182973311542));
#4072=CARTESIAN_POINT('',(3.74864360183138,-2.44384012800664,5.32182973311541));
#4073=CARTESIAN_POINT('',(3.74864360183138,-2.44384012800664,6.51918122528622));
#4074=CARTESIAN_POINT('',(0.,-2.44384012800664,0.569181225286214));
#4075=CARTESIAN_POINT('',(-8.07117100644702,-2.44384012800664,5.32182973311541));
#4076=CARTESIAN_POINT('',(5.13818553510268,-2.44384012800664,5.32182973311541));
#4077=CARTESIAN_POINT('',(5.13818553510268,-2.44384012800664,5.23438436479054));
#4078=CARTESIAN_POINT('',(5.13818553510268,-3.19384012800664,5.23438436479054));
#4079=CARTESIAN_POINT('',(5.13818553510268,2.44384012800664,5.23438436479054));
#4080=CARTESIAN_POINT('',(5.13818553510268,2.44384012800664,5.32182973311541));
#4081=CARTESIAN_POINT('',(5.13818553510268,-3.19384012800664,5.32182973311541));
#4082=CARTESIAN_POINT('',(0.,2.44384012800664,0.569181225286214));
#4083=CARTESIAN_POINT('',(-8.07117100644702,2.44384012800664,5.32182973311541));
#4084=CARTESIAN_POINT('',(3.74864360183138,2.44384012800664,5.32182973311541));
#4085=CARTESIAN_POINT('',(3.74864360183138,2.44384012800664,6.51918122528622));
#4086=CARTESIAN_POINT('',(3.74864360183138,-3.75,6.51918122528622));
#4087=CARTESIAN_POINT('',(3.74864360183138,2.344546300216,5.32182973311541));
#4088=CARTESIAN_POINT('',(3.74864360183138,2.344546300216,5.32182973311541));
#4089=CARTESIAN_POINT('',(3.74864360183139,2.344546300216,5.23438436479054));
#4090=CARTESIAN_POINT('',(0.,2.344546300216,0.569181225286214));
#4091=CARTESIAN_POINT('',(2.35694431151111,2.344546300216,4.74082306220119));
#4092=CARTESIAN_POINT('',(2.35694431151111,2.344546300216,5.32182973311541));
#4093=CARTESIAN_POINT('',(5.54491134696557,2.344546300216,5.32182973311541));
#4094=CARTESIAN_POINT('',(2.35694431151111,-3.75,4.74082306220119));
#4095=CARTESIAN_POINT('',(2.35694431151111,2.344546300216,5.32182973311541));
#4096=CARTESIAN_POINT('',(2.25009444239622,-0.200288180287309,0.989181225286214));
#4097=CARTESIAN_POINT('',(2.25009444239622,-3.19384012800664,5.32182973311541));
#4098=CARTESIAN_POINT('',(2.25009444239622,0.199711819712691,5.32182973311541));
#4099=CARTESIAN_POINT('',(2.25009444239622,-0.200288180287309,5.32182973311541));
#4100=CARTESIAN_POINT('',(2.25009444239622,0.199711819712691,0.989181225286214));
#4101=CARTESIAN_POINT('',(2.25009444239622,-0.200288180287309,0.989181225286214));
#4102=CARTESIAN_POINT('',(3.03009444239622,0.199711819712691,0.989181225286214));
#4103=CARTESIAN_POINT('',(-8.07117100644702,0.199711819712691,5.32182973311541));
#4104=CARTESIAN_POINT('',(3.75009444239623,0.199711819712691,5.32182973311541));
#4105=CARTESIAN_POINT('',(3.75009444239622,0.199711819712691,9.89958750429487));
#4106=CARTESIAN_POINT('',(3.75009444239622,-0.200288180287309,9.89958750429487));
#4107=CARTESIAN_POINT('',(3.75009444239622,-3.19384012800664,5.32182973311541));
#4108=CARTESIAN_POINT('',(3.75009444239623,-0.200288180287309,5.32182973311541));
#4109=CARTESIAN_POINT('',(3.75009444239622,-0.200288180287309,9.89958750429487));
#4110=CARTESIAN_POINT('',(3.03009444239622,-0.200288180287309,0.989181225286214));
#4111=CARTESIAN_POINT('',(-8.07117100644702,-0.200288180287309,5.32182973311541));
#4112=CARTESIAN_POINT('',(-8.07117100644702,-3.19384012800664,5.32182973311541));
#4113=CARTESIAN_POINT('',(-8.07117100644702,0.199711819712691,5.32182973311541));
#4114=CARTESIAN_POINT('',(-2.24990555760378,0.199711819712691,5.32182973311541));
#4115=CARTESIAN_POINT('',(-3.74990555760378,0.199711819712691,5.32182973311541));
#4116=CARTESIAN_POINT('',(-3.74990555760378,-3.19384012800664,5.32182973311541));
#4117=CARTESIAN_POINT('',(-3.74990555760378,-0.200288180287309,5.32182973311541));
#4118=CARTESIAN_POINT('',(-8.07117100644702,-0.200288180287309,5.32182973311541));
#4119=CARTESIAN_POINT('',(-2.24990555760378,-0.200288180287309,5.32182973311541));
#4120=CARTESIAN_POINT('',(-2.24990555760378,-3.19384012800664,5.32182973311541));
#4121=CARTESIAN_POINT('',(-3.02990555760378,-0.200288180287309,2.32182973311541));
#4122=CARTESIAN_POINT('',(-3.02990555760378,0.199711819712691,2.32182973311541));
#4123=CARTESIAN_POINT('',(-2.63990555760378,0.199711819712691,2.32182973311541));
#4124=CARTESIAN_POINT('',(-3.35990555760377,0.199711819712691,2.32182973311541));
#4125=CARTESIAN_POINT('',(-2.63990555760378,-0.200288180287309,2.32182973311541));
#4126=CARTESIAN_POINT('',(-2.63990555760378,-0.200288180287309,2.32182973311541));
#4127=CARTESIAN_POINT('',(-3.02990555760378,-0.200288180287309,2.32182973311541));
#4128=CARTESIAN_POINT('',(-3.35990555760377,-0.200288180287309,2.32182973311541));
#4129=CARTESIAN_POINT('',(-3.35990555760377,-0.200288180287309,2.32182973311541));
#4130=CARTESIAN_POINT('',(-3.35990555760377,-0.200288180287309,2.71182973311541));
#4131=CARTESIAN_POINT('',(-3.35990555760377,0.199711819712691,2.71182973311541));
#4132=CARTESIAN_POINT('',(-3.74990555760378,0.199711819712691,2.71182973311541));
#4133=CARTESIAN_POINT('',(-3.35990555760377,-0.200288180287309,2.71182973311541));
#4134=CARTESIAN_POINT('',(-3.74990555760378,-0.200288180287309,2.71182973311541));
#4135=CARTESIAN_POINT('',(-3.74990555760378,-0.200288180287309,2.71182973311541));
#4136=CARTESIAN_POINT('',(-2.63990555760378,-0.200288180287309,2.71182973311541));
#4137=CARTESIAN_POINT('',(-2.63990555760378,0.199711819712691,2.71182973311541));
#4138=CARTESIAN_POINT('',(-2.24990555760378,0.199711819712691,2.71182973311541));
#4139=CARTESIAN_POINT('',(-2.24990555760378,-0.200288180287309,2.71182973311541));
#4140=CARTESIAN_POINT('',(-2.24990555760378,-0.200288180287309,2.71182973311541));
#4141=CARTESIAN_POINT('',(-2.63990555760378,-0.200288180287309,2.71182973311541));
#4142=CARTESIAN_POINT('',(-3.74990555760378,-0.200288180287309,0.989181225286214));
#4143=CARTESIAN_POINT('',(-3.74990555760378,0.199711819712691,0.989181225286214));
#4144=CARTESIAN_POINT('',(-3.74990555760378,-0.200288180287309,0.989181225286214));
#4145=CARTESIAN_POINT('',(-2.96990555760378,0.199711819712691,0.989181225286214));
#4146=CARTESIAN_POINT('',(-3.,0.199711819712691,3.31056477999651));
#4147=CARTESIAN_POINT('',(-3.45,0.199711819712691,3.14602048001135));
#4148=CARTESIAN_POINT('',(-2.55,0.199711819712691,3.14602048001135));
#4149=CARTESIAN_POINT('',(-2.55,0.199711819712691,0.989181225286214));
#4150=CARTESIAN_POINT('',(-2.55,0.199711819712691,4.01682973311542));
#4151=CARTESIAN_POINT('',(-3.,0.199711819712691,3.85228543313025));
#4152=CARTESIAN_POINT('',(-3.45,0.199711819712691,4.01682973311542));
#4153=CARTESIAN_POINT('',(-3.45,0.199711819712691,0.989181225286214));
#4154=CARTESIAN_POINT('',(-2.24990555760378,0.199711819712691,9.89958750429487));
#4155=CARTESIAN_POINT('',(-2.55,-1.19587649624081,3.14602048001135));
#4156=CARTESIAN_POINT('',(-2.55,-1.19587649624081,3.14602048001135));
#4157=CARTESIAN_POINT('',(-2.55,-0.200288180287309,3.14602048001135));
#4158=CARTESIAN_POINT('',(-2.55,-0.200288180287309,0.989181225286214));
#4159=CARTESIAN_POINT('',(-2.55,-0.200288180287309,4.01682973311542));
#4160=CARTESIAN_POINT('',(-2.55,-1.19587649624081,4.01682973311542));
#4161=CARTESIAN_POINT('',(-3.,-1.19587649624081,3.85228543313025));
#4162=CARTESIAN_POINT('',(-3.,-0.200288180287309,3.85228543313025));
#4163=CARTESIAN_POINT('',(-3.45,-0.200288180287309,4.01682973311542));
#4164=CARTESIAN_POINT('',(-3.45,-1.19587649624081,4.01682973311542));
#4165=CARTESIAN_POINT('',(-3.45,-1.19587649624081,4.01682973311542));
#4166=CARTESIAN_POINT('',(-3.45,-0.200288180287309,0.989181225286214));
#4167=CARTESIAN_POINT('',(-3.45,-0.200288180287309,3.14602048001135));
#4168=CARTESIAN_POINT('',(-3.45,-1.19587649624081,3.14602048001135));
#4169=CARTESIAN_POINT('',(-3.,-1.19587649624081,3.31056477999651));
#4170=CARTESIAN_POINT('',(-3.,-0.200288180287309,3.31056477999651));
#4171=CARTESIAN_POINT('',(-2.96990555760378,-0.200288180287309,0.989181225286214));
#4172=CARTESIAN_POINT('',(-2.24990555760378,-0.200288180287309,9.89958750429487));
#4173=CARTESIAN_POINT('',(-2.24990555760378,-0.200288180287309,9.89958750429487));
#4174=MECHANICAL_DESIGN_GEOMETRIC_PRESENTATION_REPRESENTATION('',(#2022,
#2023,#2024,#2025,#2026,#2027,#2028,#2029,#2030,#2031,#2032,#2033,#2034,
#2035,#2036,#2037,#2038,#2039,#2040,#2041,#2042,#2043,#2044,#2045,#2046,
#2047,#2048,#2049,#2050,#2051,#2052,#2053,#2054,#2055,#2056,#2057,#2058,
#2059,#2060,#2061,#2062,#2063,#2064,#2065,#2066,#2067,#2068,#2069,#2070,
#2071,#2072,#2073,#2074,#2075,#2076,#2077,#2078,#2079,#2080,#2081,#2082,
#2083,#2084,#2085,#2086,#2087,#2088,#2089,#2090,#2091,#2092,#2093,#2094,
#2095,#2096,#2097,#2098,#2099,#2100,#2101,#2102,#2103,#2104,#2105,#2106,
#2107,#2108,#2109,#2110,#2111,#2112,#2113,#2114,#2115,#2116,#2117,#2118,
#2119,#2120,#2121,#2122,#2123,#2124,#2125,#2126,#2127),#4175);
#4175=(
GEOMETRIC_REPRESENTATION_CONTEXT(3)
GLOBAL_UNCERTAINTY_ASSIGNED_CONTEXT((#4176))
GLOBAL_UNIT_ASSIGNED_CONTEXT((#4179,#4178,#4177))
REPRESENTATION_CONTEXT('SLW-105558-2A-N-D','TOP_LEVEL_ASSEMBLY_PART')
);
#4176=UNCERTAINTY_MEASURE_WITH_UNIT(LENGTH_MEASURE(0.005),#4179,
'DISTANCE_ACCURACY_VALUE','Maximum Tolerance applied to model');
#4177=(
NAMED_UNIT(*)
SI_UNIT($,.STERADIAN.)
SOLID_ANGLE_UNIT()
);
#4178=(
NAMED_UNIT(*)
PLANE_ANGLE_UNIT()
SI_UNIT($,.RADIAN.)
);
#4179=(
LENGTH_UNIT()
NAMED_UNIT(*)
SI_UNIT(.MILLI.,.METRE.)
);
#4180=PRODUCT_DEFINITION_SHAPE('','',#4181);
#4181=PRODUCT_DEFINITION('','',#4183,#4182);
#4182=PRODUCT_DEFINITION_CONTEXT('',#4189,'design');
#4183=PRODUCT_DEFINITION_FORMATION_WITH_SPECIFIED_SOURCE('','',#4185,
 .NOT_KNOWN.);
#4184=PRODUCT_RELATED_PRODUCT_CATEGORY('','',(#4185));
#4185=PRODUCT('SLW-105558-2A-N-D','SLW-105558-2A-N-D',
'SLW-105558-2A-N-D',(#4187));
#4186=PRODUCT_CATEGORY('','');
#4187=PRODUCT_CONTEXT('',#4189,'mechanical');
#4188=APPLICATION_PROTOCOL_DEFINITION('international standard',
'automotive_design',2010,#4189);
#4189=APPLICATION_CONTEXT(
'core data for automotive mechanical design processes');
ENDSEC;
END-ISO-10303-21;
